subject,predicate,object
http://www.semanticweb.org/admin/ontologies/2021/2/untitled-ontology-11#HR,http://www.w3.org/2000/01/rdf-schema#subClassOf,http://www.semanticweb.org/admin/ontologies/2021/2/untitled-ontology-11#management_lead
http://www.semanticweb.org/admin/ontologies/2021/2/untitled-ontology-11#Operating_System,http://www.w3.org/2000/01/rdf-schema#subClassOf,http://www.semanticweb.org/admin/ontologies/2021/2/untitled-ontology-11#business_analyst
http://www.semanticweb.org/admin/ontologies/2021/2/untitled-ontology-11#Organizational_skills,http://www.w3.org/2000/01/rdf-schema#subClassOf,http://www.semanticweb.org/admin/ontologies/2021/2/untitled-ontology-11#soft_skill
http://www.semanticweb.org/admin/ontologies/2021/2/untitled-ontology-11#Organizational_skills,http://www.w3.org/2000/01/rdf-schema#label,Organizational_skill,Organizational_skills
http://www.semanticweb.org/admin/ontologies/2021/2/untitled-ontology-11#SEM,http://www.w3.org/2000/01/rdf-schema#subClassOf,http://www.semanticweb.org/admin/ontologies/2021/2/untitled-ontology-11#advertisement
http://www.semanticweb.org/admin/ontologies/2021/2/untitled-ontology-11#SERPs,http://www.w3.org/2000/01/rdf-schema#subClassOf,http://www.semanticweb.org/admin/ontologies/2021/2/untitled-ontology-11#advertisement
http://www.semanticweb.org/admin/ontologies/2021/2/untitled-ontology-11#acceptance_testing,http://www.w3.org/2000/01/rdf-schema#subClassOf,http://www.semanticweb.org/admin/ontologies/2021/2/untitled-ontology-11#testing
http://www.semanticweb.org/admin/ontologies/2021/2/untitled-ontology-11#account_management,http://www.w3.org/2000/01/rdf-schema#subClassOf,http://www.semanticweb.org/admin/ontologies/2021/2/untitled-ontology-11#experience
http://www.semanticweb.org/admin/ontologies/2021/2/untitled-ontology-11#accounting,http://www.w3.org/2000/01/rdf-schema#subClassOf,http://www.semanticweb.org/admin/ontologies/2021/2/untitled-ontology-11#management_lead
http://www.semanticweb.org/admin/ontologies/2021/2/untitled-ontology-11#adobe_acrobat,http://www.w3.org/2000/01/rdf-schema#subClassOf,http://www.semanticweb.org/admin/ontologies/2021/2/untitled-ontology-11#business_skill
http://www.semanticweb.org/admin/ontologies/2021/2/untitled-ontology-11#advertisement,http://www.w3.org/2000/01/rdf-schema#subClassOf,http://www.semanticweb.org/admin/ontologies/2021/2/untitled-ontology-11#business_analyst
http://www.semanticweb.org/admin/ontologies/2021/2/untitled-ontology-11#advertisement,http://www.w3.org/2000/01/rdf-schema#label,Ads,advertisement
http://www.semanticweb.org/admin/ontologies/2021/2/untitled-ontology-11#advertising,http://www.w3.org/2000/01/rdf-schema#subClassOf,http://www.semanticweb.org/admin/ontologies/2021/2/untitled-ontology-11#advertisement
http://www.semanticweb.org/admin/ontologies/2021/2/untitled-ontology-11#agile,http://www.w3.org/2000/01/rdf-schema#subClassOf,http://www.semanticweb.org/admin/ontologies/2021/2/untitled-ontology-11#methodologies
http://www.semanticweb.org/admin/ontologies/2021/2/untitled-ontology-11#agile_project_management,http://www.w3.org/2000/01/rdf-schema#subClassOf,http://www.semanticweb.org/admin/ontologies/2021/2/untitled-ontology-11#methodologies
http://www.semanticweb.org/admin/ontologies/2021/2/untitled-ontology-11#air_cargo_business,http://www.w3.org/2000/01/rdf-schema#subClassOf,http://www.semanticweb.org/admin/ontologies/2021/2/untitled-ontology-11#client
http://www.semanticweb.org/admin/ontologies/2021/2/untitled-ontology-11#air_cargo_business,http://www.w3.org/2000/01/rdf-schema#label,air_cargo_business,air_cargo_businesses
http://www.semanticweb.org/admin/ontologies/2021/2/untitled-ontology-11#airport_cargo_operation,http://www.w3.org/2000/01/rdf-schema#subClassOf,http://www.semanticweb.org/admin/ontologies/2021/2/untitled-ontology-11#client
http://www.semanticweb.org/admin/ontologies/2021/2/untitled-ontology-11#algorithmic_trading,http://www.w3.org/2000/01/rdf-schema#subClassOf,http://www.semanticweb.org/admin/ontologies/2021/2/untitled-ontology-11#software_engineering
http://www.semanticweb.org/admin/ontologies/2021/2/untitled-ontology-11#analysis,http://www.w3.org/2000/01/rdf-schema#subClassOf,http://www.semanticweb.org/admin/ontologies/2021/2/untitled-ontology-11#analytical
http://www.semanticweb.org/admin/ontologies/2021/2/untitled-ontology-11#analyst_ii,http://www.w3.org/2000/01/rdf-schema#subClassOf,http://www.semanticweb.org/admin/ontologies/2021/2/untitled-ontology-11#analytical
http://www.semanticweb.org/admin/ontologies/2021/2/untitled-ontology-11#analyst_relations,http://www.w3.org/2000/01/rdf-schema#subClassOf,http://www.semanticweb.org/admin/ontologies/2021/2/untitled-ontology-11#analytical
http://www.semanticweb.org/admin/ontologies/2021/2/untitled-ontology-11#analytical,http://www.w3.org/2000/01/rdf-schema#subClassOf,http://www.semanticweb.org/admin/ontologies/2021/2/untitled-ontology-11#soft_skill
http://www.semanticweb.org/admin/ontologies/2021/2/untitled-ontology-11#analytical_skills,http://www.w3.org/2000/01/rdf-schema#subClassOf,http://www.semanticweb.org/admin/ontologies/2021/2/untitled-ontology-11#analytical
http://www.semanticweb.org/admin/ontologies/2021/2/untitled-ontology-11#analytical_skills,http://www.w3.org/2000/01/rdf-schema#label,analytical_skill,analytical_skills
http://www.semanticweb.org/admin/ontologies/2021/2/untitled-ontology-11#analytics,http://www.w3.org/2000/01/rdf-schema#subClassOf,http://www.semanticweb.org/admin/ontologies/2021/2/untitled-ontology-11#analytical
http://www.semanticweb.org/admin/ontologies/2021/2/untitled-ontology-11#api,http://www.w3.org/2000/01/rdf-schema#subClassOf,http://www.semanticweb.org/admin/ontologies/2021/2/untitled-ontology-11#software_engineering
http://www.semanticweb.org/admin/ontologies/2021/2/untitled-ontology-11#application_development,http://www.w3.org/2000/01/rdf-schema#subClassOf,http://www.semanticweb.org/admin/ontologies/2021/2/untitled-ontology-11#software
http://www.semanticweb.org/admin/ontologies/2021/2/untitled-ontology-11#application_programming,http://www.w3.org/2000/01/rdf-schema#subClassOf,http://www.semanticweb.org/admin/ontologies/2021/2/untitled-ontology-11#software_engineering
http://www.semanticweb.org/admin/ontologies/2021/2/untitled-ontology-11#architects,http://www.w3.org/2000/01/rdf-schema#subClassOf,http://www.semanticweb.org/admin/ontologies/2021/2/untitled-ontology-11#software_engineering
http://www.semanticweb.org/admin/ontologies/2021/2/untitled-ontology-11#architects,http://www.w3.org/2000/01/rdf-schema#label,architect,architects
http://www.semanticweb.org/admin/ontologies/2021/2/untitled-ontology-11#architectural_design,http://www.w3.org/2000/01/rdf-schema#subClassOf,http://www.semanticweb.org/admin/ontologies/2021/2/untitled-ontology-11#architects
http://www.semanticweb.org/admin/ontologies/2021/2/untitled-ontology-11#aws,http://www.w3.org/2000/01/rdf-schema#subClassOf,http://www.semanticweb.org/admin/ontologies/2021/2/untitled-ontology-11#database
http://www.semanticweb.org/admin/ontologies/2021/2/untitled-ontology-11#axure,http://www.w3.org/2000/01/rdf-schema#subClassOf,http://www.semanticweb.org/admin/ontologies/2021/2/untitled-ontology-11#business_skill
http://www.semanticweb.org/admin/ontologies/2021/2/untitled-ontology-11#ba,http://www.w3.org/2000/01/rdf-schema#subClassOf,http://www.semanticweb.org/admin/ontologies/2021/2/untitled-ontology-11#business_skill
http://www.semanticweb.org/admin/ontologies/2021/2/untitled-ontology-11#ba_consultant,http://www.w3.org/2000/01/rdf-schema#subClassOf,http://www.semanticweb.org/admin/ontologies/2021/2/untitled-ontology-11#consultant
http://www.semanticweb.org/admin/ontologies/2021/2/untitled-ontology-11#backlogs,http://www.w3.org/2000/01/rdf-schema#subClassOf,http://www.semanticweb.org/admin/ontologies/2021/2/untitled-ontology-11#methodologies
http://www.semanticweb.org/admin/ontologies/2021/2/untitled-ontology-11#backlogs,http://www.w3.org/2000/01/rdf-schema#label,backlog,backlogs
http://www.semanticweb.org/admin/ontologies/2021/2/untitled-ontology-11#bacs,http://www.w3.org/2000/01/rdf-schema#subClassOf,http://www.semanticweb.org/admin/ontologies/2021/2/untitled-ontology-11#testing
http://www.semanticweb.org/admin/ontologies/2021/2/untitled-ontology-11#bank,http://www.w3.org/2000/01/rdf-schema#subClassOf,http://www.semanticweb.org/admin/ontologies/2021/2/untitled-ontology-11#business
http://www.semanticweb.org/admin/ontologies/2021/2/untitled-ontology-11#banking,http://www.w3.org/2000/01/rdf-schema#subClassOf,http://www.semanticweb.org/admin/ontologies/2021/2/untitled-ontology-11#bank
http://www.semanticweb.org/admin/ontologies/2021/2/untitled-ontology-11#bba,http://www.w3.org/2000/01/rdf-schema#subClassOf,http://www.semanticweb.org/admin/ontologies/2021/2/untitled-ontology-11#experience
http://www.semanticweb.org/admin/ontologies/2021/2/untitled-ontology-11#bde,http://www.w3.org/2000/01/rdf-schema#subClassOf,http://www.semanticweb.org/admin/ontologies/2021/2/untitled-ontology-11#experience
http://www.semanticweb.org/admin/ontologies/2021/2/untitled-ontology-11#bdm,http://www.w3.org/2000/01/rdf-schema#subClassOf,http://www.semanticweb.org/admin/ontologies/2021/2/untitled-ontology-11#experience
http://www.semanticweb.org/admin/ontologies/2021/2/untitled-ontology-11#bidding,http://www.w3.org/2000/01/rdf-schema#subClassOf,http://www.semanticweb.org/admin/ontologies/2021/2/untitled-ontology-11#business
http://www.semanticweb.org/admin/ontologies/2021/2/untitled-ontology-11#branding,http://www.w3.org/2000/01/rdf-schema#subClassOf,http://www.semanticweb.org/admin/ontologies/2021/2/untitled-ontology-11#business
http://www.semanticweb.org/admin/ontologies/2021/2/untitled-ontology-11#brd,http://www.w3.org/2000/01/rdf-schema#subClassOf,http://www.semanticweb.org/admin/ontologies/2021/2/untitled-ontology-11#business_skill
http://www.semanticweb.org/admin/ontologies/2021/2/untitled-ontology-11#business,http://www.w3.org/2000/01/rdf-schema#subClassOf,http://www.semanticweb.org/admin/ontologies/2021/2/untitled-ontology-11#business_skill
http://www.semanticweb.org/admin/ontologies/2021/2/untitled-ontology-11#business_analyst,http://www.w3.org/2000/01/rdf-schema#label,BA,business_analyst
http://www.semanticweb.org/admin/ontologies/2021/2/untitled-ontology-11#business_analyst_consultant,http://www.w3.org/2000/01/rdf-schema#subClassOf,http://www.semanticweb.org/admin/ontologies/2021/2/untitled-ontology-11#consultant
http://www.semanticweb.org/admin/ontologies/2021/2/untitled-ontology-11#business_analytics,http://www.w3.org/2000/01/rdf-schema#subClassOf,http://www.semanticweb.org/admin/ontologies/2021/2/untitled-ontology-11#analytical
http://www.semanticweb.org/admin/ontologies/2021/2/untitled-ontology-11#business_analytics,http://www.w3.org/2000/01/rdf-schema#label,business_analytic,business_analytics
http://www.semanticweb.org/admin/ontologies/2021/2/untitled-ontology-11#business_case,http://www.w3.org/2000/01/rdf-schema#subClassOf,http://www.semanticweb.org/admin/ontologies/2021/2/untitled-ontology-11#business_skill
http://www.semanticweb.org/admin/ontologies/2021/2/untitled-ontology-11#business_consultant,http://www.w3.org/2000/01/rdf-schema#subClassOf,http://www.semanticweb.org/admin/ontologies/2021/2/untitled-ontology-11#business
http://www.semanticweb.org/admin/ontologies/2021/2/untitled-ontology-11#business_consulting,http://www.w3.org/2000/01/rdf-schema#subClassOf,http://www.semanticweb.org/admin/ontologies/2021/2/untitled-ontology-11#business
http://www.semanticweb.org/admin/ontologies/2021/2/untitled-ontology-11#business_development,http://www.w3.org/2000/01/rdf-schema#subClassOf,http://www.semanticweb.org/admin/ontologies/2021/2/untitled-ontology-11#business
http://www.semanticweb.org/admin/ontologies/2021/2/untitled-ontology-11#business_development_manager,http://www.w3.org/2000/01/rdf-schema#subClassOf,http://www.semanticweb.org/admin/ontologies/2021/2/untitled-ontology-11#management_lead
http://www.semanticweb.org/admin/ontologies/2021/2/untitled-ontology-11#business_documentation,http://www.w3.org/2000/01/rdf-schema#subClassOf,http://www.semanticweb.org/admin/ontologies/2021/2/untitled-ontology-11#business_skill
http://www.semanticweb.org/admin/ontologies/2021/2/untitled-ontology-11#business_functional_consultant,http://www.w3.org/2000/01/rdf-schema#subClassOf,http://www.semanticweb.org/admin/ontologies/2021/2/untitled-ontology-11#support
http://www.semanticweb.org/admin/ontologies/2021/2/untitled-ontology-11#business_intelligence,http://www.w3.org/2000/01/rdf-schema#subClassOf,http://www.semanticweb.org/admin/ontologies/2021/2/untitled-ontology-11#business
http://www.semanticweb.org/admin/ontologies/2021/2/untitled-ontology-11#business_operations,http://www.w3.org/2000/01/rdf-schema#subClassOf,http://www.semanticweb.org/admin/ontologies/2021/2/untitled-ontology-11#business_skill
http://www.semanticweb.org/admin/ontologies/2021/2/untitled-ontology-11#business_operations,http://www.w3.org/2000/01/rdf-schema#label,business_operation,business_operations
http://www.semanticweb.org/admin/ontologies/2021/2/untitled-ontology-11#business_planning,http://www.w3.org/2000/01/rdf-schema#subClassOf,http://www.semanticweb.org/admin/ontologies/2021/2/untitled-ontology-11#business
http://www.semanticweb.org/admin/ontologies/2021/2/untitled-ontology-11#business_process,http://www.w3.org/2000/01/rdf-schema#subClassOf,http://www.semanticweb.org/admin/ontologies/2021/2/untitled-ontology-11#business
http://www.semanticweb.org/admin/ontologies/2021/2/untitled-ontology-11#business_requirement_analysis,http://www.w3.org/2000/01/rdf-schema#subClassOf,http://www.semanticweb.org/admin/ontologies/2021/2/untitled-ontology-11#analytical
http://www.semanticweb.org/admin/ontologies/2021/2/untitled-ontology-11#business_requirement_analysis,http://www.w3.org/2000/01/rdf-schema#label,business_requirement_analysis
http://www.semanticweb.org/admin/ontologies/2021/2/untitled-ontology-11#business_research,http://www.w3.org/2000/01/rdf-schema#subClassOf,http://www.semanticweb.org/admin/ontologies/2021/2/untitled-ontology-11#research
http://www.semanticweb.org/admin/ontologies/2021/2/untitled-ontology-11#business_skill,http://www.w3.org/2000/01/rdf-schema#subClassOf,http://www.semanticweb.org/admin/ontologies/2021/2/untitled-ontology-11#business_analyst
http://www.semanticweb.org/admin/ontologies/2021/2/untitled-ontology-11#business_strategy,http://www.w3.org/2000/01/rdf-schema#subClassOf,http://www.semanticweb.org/admin/ontologies/2021/2/untitled-ontology-11#business_skill
http://www.semanticweb.org/admin/ontologies/2021/2/untitled-ontology-11#calypso,http://www.w3.org/2000/01/rdf-schema#subClassOf,http://www.semanticweb.org/admin/ontologies/2021/2/untitled-ontology-11#tradding
http://www.semanticweb.org/admin/ontologies/2021/2/untitled-ontology-11#capital_market,http://www.w3.org/2000/01/rdf-schema#subClassOf,http://www.semanticweb.org/admin/ontologies/2021/2/untitled-ontology-11#business_skill
http://www.semanticweb.org/admin/ontologies/2021/2/untitled-ontology-11#change_coach,http://www.w3.org/2000/01/rdf-schema#subClassOf,http://www.semanticweb.org/admin/ontologies/2021/2/untitled-ontology-11#management_lead
http://www.semanticweb.org/admin/ontologies/2021/2/untitled-ontology-11#change_management,http://www.w3.org/2000/01/rdf-schema#subClassOf,http://www.semanticweb.org/admin/ontologies/2021/2/untitled-ontology-11#management_lead
http://www.semanticweb.org/admin/ontologies/2021/2/untitled-ontology-11#client,http://www.w3.org/2000/01/rdf-schema#subClassOf,http://www.semanticweb.org/admin/ontologies/2021/2/untitled-ontology-11#business_skill
http://www.semanticweb.org/admin/ontologies/2021/2/untitled-ontology-11#client_communication,http://www.w3.org/2000/01/rdf-schema#subClassOf,http://www.semanticweb.org/admin/ontologies/2021/2/untitled-ontology-11#client
http://www.semanticweb.org/admin/ontologies/2021/2/untitled-ontology-11#client_coordination,http://www.w3.org/2000/01/rdf-schema#subClassOf,http://www.semanticweb.org/admin/ontologies/2021/2/untitled-ontology-11#client
http://www.semanticweb.org/admin/ontologies/2021/2/untitled-ontology-11#client_handling,http://www.w3.org/2000/01/rdf-schema#subClassOf,http://www.semanticweb.org/admin/ontologies/2021/2/untitled-ontology-11#client
http://www.semanticweb.org/admin/ontologies/2021/2/untitled-ontology-11#client_management,http://www.w3.org/2000/01/rdf-schema#subClassOf,http://www.semanticweb.org/admin/ontologies/2021/2/untitled-ontology-11#client
http://www.semanticweb.org/admin/ontologies/2021/2/untitled-ontology-11#client_servicing,http://www.w3.org/2000/01/rdf-schema#subClassOf,http://www.semanticweb.org/admin/ontologies/2021/2/untitled-ontology-11#client
http://www.semanticweb.org/admin/ontologies/2021/2/untitled-ontology-11#cloud_computing,http://www.w3.org/2000/01/rdf-schema#subClassOf,http://www.semanticweb.org/admin/ontologies/2021/2/untitled-ontology-11#software_engineering
http://www.semanticweb.org/admin/ontologies/2021/2/untitled-ontology-11#commercial_lending,http://www.w3.org/2000/01/rdf-schema#subClassOf,http://www.semanticweb.org/admin/ontologies/2021/2/untitled-ontology-11#loan
http://www.semanticweb.org/admin/ontologies/2021/2/untitled-ontology-11#communication,http://www.w3.org/2000/01/rdf-schema#subClassOf,http://www.semanticweb.org/admin/ontologies/2021/2/untitled-ontology-11#soft_skill
http://www.semanticweb.org/admin/ontologies/2021/2/untitled-ontology-11#communication_skills,http://www.w3.org/2000/01/rdf-schema#subClassOf,http://www.semanticweb.org/admin/ontologies/2021/2/untitled-ontology-11#communication
http://www.semanticweb.org/admin/ontologies/2021/2/untitled-ontology-11#communication_skills,http://www.w3.org/2000/01/rdf-schema#label,communication_skill,communication_skills
http://www.semanticweb.org/admin/ontologies/2021/2/untitled-ontology-11#competitive_intelligence,http://www.w3.org/2000/01/rdf-schema#subClassOf,http://www.semanticweb.org/admin/ontologies/2021/2/untitled-ontology-11#soft_skill
http://www.semanticweb.org/admin/ontologies/2021/2/untitled-ontology-11#computer_science,http://www.w3.org/2000/01/rdf-schema#subClassOf,http://www.semanticweb.org/admin/ontologies/2021/2/untitled-ontology-11#software_engineering
http://www.semanticweb.org/admin/ontologies/2021/2/untitled-ontology-11#consolidation,http://www.w3.org/2000/01/rdf-schema#subClassOf,http://www.semanticweb.org/admin/ontologies/2021/2/untitled-ontology-11#soft_skill
http://www.semanticweb.org/admin/ontologies/2021/2/untitled-ontology-11#consultant,http://www.w3.org/2000/01/rdf-schema#subClassOf,http://www.semanticweb.org/admin/ontologies/2021/2/untitled-ontology-11#business_analyst
http://www.semanticweb.org/admin/ontologies/2021/2/untitled-ontology-11#consulting,http://www.w3.org/2000/01/rdf-schema#subClassOf,http://www.semanticweb.org/admin/ontologies/2021/2/untitled-ontology-11#business_skill
http://www.semanticweb.org/admin/ontologies/2021/2/untitled-ontology-11#consumer_finance,http://www.w3.org/2000/01/rdf-schema#subClassOf,http://www.semanticweb.org/admin/ontologies/2021/2/untitled-ontology-11#finance
http://www.semanticweb.org/admin/ontologies/2021/2/untitled-ontology-11#convincing_power,http://www.w3.org/2000/01/rdf-schema#subClassOf,http://www.semanticweb.org/admin/ontologies/2021/2/untitled-ontology-11#soft_skill
http://www.semanticweb.org/admin/ontologies/2021/2/untitled-ontology-11#core_banking,http://www.w3.org/2000/01/rdf-schema#subClassOf,http://www.semanticweb.org/admin/ontologies/2021/2/untitled-ontology-11#bank
http://www.semanticweb.org/admin/ontologies/2021/2/untitled-ontology-11#core_banking,http://www.w3.org/2002/07/owl#disjointWith,http://www.semanticweb.org/admin/ontologies/2021/2/untitled-ontology-11#investment_banking
http://www.semanticweb.org/admin/ontologies/2021/2/untitled-ontology-11#corporate_actions,http://www.w3.org/2000/01/rdf-schema#subClassOf,http://www.semanticweb.org/admin/ontologies/2021/2/untitled-ontology-11#business_skill
http://www.semanticweb.org/admin/ontologies/2021/2/untitled-ontology-11#corporate_banking,http://www.w3.org/2000/01/rdf-schema#subClassOf,http://www.semanticweb.org/admin/ontologies/2021/2/untitled-ontology-11#business_skill
http://www.semanticweb.org/admin/ontologies/2021/2/untitled-ontology-11#corporate_business_development,http://www.w3.org/2000/01/rdf-schema#subClassOf,http://www.semanticweb.org/admin/ontologies/2021/2/untitled-ontology-11#business_skill
http://www.semanticweb.org/admin/ontologies/2021/2/untitled-ontology-11#corporate_sales,http://www.w3.org/2000/01/rdf-schema#subClassOf,http://www.semanticweb.org/admin/ontologies/2021/2/untitled-ontology-11#business_skill
http://www.semanticweb.org/admin/ontologies/2021/2/untitled-ontology-11#corporate_sales,http://www.w3.org/2000/01/rdf-schema#label,corporate_sale,corporate_sales
http://www.semanticweb.org/admin/ontologies/2021/2/untitled-ontology-11#correspondence,http://www.w3.org/2000/01/rdf-schema#subClassOf,http://www.semanticweb.org/admin/ontologies/2021/2/untitled-ontology-11#software_engineering
http://www.semanticweb.org/admin/ontologies/2021/2/untitled-ontology-11#cost,http://www.w3.org/2000/01/rdf-schema#subClassOf,http://www.semanticweb.org/admin/ontologies/2021/2/untitled-ontology-11#business_skill
http://www.semanticweb.org/admin/ontologies/2021/2/untitled-ontology-11#cost_benefit_analysis,http://www.w3.org/2000/01/rdf-schema#subClassOf,http://www.semanticweb.org/admin/ontologies/2021/2/untitled-ontology-11#analytical
http://www.semanticweb.org/admin/ontologies/2021/2/untitled-ontology-11#cost_estimation,http://www.w3.org/2000/01/rdf-schema#subClassOf,http://www.semanticweb.org/admin/ontologies/2021/2/untitled-ontology-11#project_manager
http://www.semanticweb.org/admin/ontologies/2021/2/untitled-ontology-11#creating_dashboards,http://www.w3.org/2000/01/rdf-schema#subClassOf,http://www.semanticweb.org/admin/ontologies/2021/2/untitled-ontology-11#management_lead
http://www.semanticweb.org/admin/ontologies/2021/2/untitled-ontology-11#creating_dashboards,http://www.w3.org/2000/01/rdf-schema#label,creating_dashboard,creating_dashboards
http://www.semanticweb.org/admin/ontologies/2021/2/untitled-ontology-11#credit_research,http://www.w3.org/2000/01/rdf-schema#subClassOf,http://www.semanticweb.org/admin/ontologies/2021/2/untitled-ontology-11#business_skill
http://www.semanticweb.org/admin/ontologies/2021/2/untitled-ontology-11#critical_thinking,http://www.w3.org/2000/01/rdf-schema#subClassOf,http://www.semanticweb.org/admin/ontologies/2021/2/untitled-ontology-11#soft_skill
http://www.semanticweb.org/admin/ontologies/2021/2/untitled-ontology-11#crm,http://www.w3.org/2000/01/rdf-schema#subClassOf,http://www.semanticweb.org/admin/ontologies/2021/2/untitled-ontology-11#business_skill
http://www.semanticweb.org/admin/ontologies/2021/2/untitled-ontology-11#customer_service,http://www.w3.org/2000/01/rdf-schema#subClassOf,http://www.semanticweb.org/admin/ontologies/2021/2/untitled-ontology-11#client
http://www.semanticweb.org/admin/ontologies/2021/2/untitled-ontology-11#data_analysis,http://www.w3.org/2000/01/rdf-schema#subClassOf,http://www.semanticweb.org/admin/ontologies/2021/2/untitled-ontology-11#analytical
http://www.semanticweb.org/admin/ontologies/2021/2/untitled-ontology-11#data_analyst,http://www.w3.org/2000/01/rdf-schema#subClassOf,http://www.semanticweb.org/admin/ontologies/2021/2/untitled-ontology-11#analytical
http://www.semanticweb.org/admin/ontologies/2021/2/untitled-ontology-11#data_dictionary,http://www.w3.org/2000/01/rdf-schema#subClassOf,http://www.semanticweb.org/admin/ontologies/2021/2/untitled-ontology-11#software_engineering
http://www.semanticweb.org/admin/ontologies/2021/2/untitled-ontology-11#data_flow,http://www.w3.org/2000/01/rdf-schema#subClassOf,http://www.semanticweb.org/admin/ontologies/2021/2/untitled-ontology-11#software
http://www.semanticweb.org/admin/ontologies/2021/2/untitled-ontology-11#data_management,http://www.w3.org/2000/01/rdf-schema#subClassOf,http://www.semanticweb.org/admin/ontologies/2021/2/untitled-ontology-11#management_lead
http://www.semanticweb.org/admin/ontologies/2021/2/untitled-ontology-11#database,http://www.w3.org/2000/01/rdf-schema#subClassOf,http://www.semanticweb.org/admin/ontologies/2021/2/untitled-ontology-11#business_analyst
http://www.semanticweb.org/admin/ontologies/2021/2/untitled-ontology-11#ddl,http://www.w3.org/2000/01/rdf-schema#subClassOf,http://www.semanticweb.org/admin/ontologies/2021/2/untitled-ontology-11#database
http://www.semanticweb.org/admin/ontologies/2021/2/untitled-ontology-11#derivatives,http://www.w3.org/2000/01/rdf-schema#subClassOf,http://www.semanticweb.org/admin/ontologies/2021/2/untitled-ontology-11#business_skill
http://www.semanticweb.org/admin/ontologies/2021/2/untitled-ontology-11#design,http://www.w3.org/2000/01/rdf-schema#subClassOf,http://www.semanticweb.org/admin/ontologies/2021/2/untitled-ontology-11#software_engineering
http://www.semanticweb.org/admin/ontologies/2021/2/untitled-ontology-11#design_development,http://www.w3.org/2000/01/rdf-schema#subClassOf,http://www.semanticweb.org/admin/ontologies/2021/2/untitled-ontology-11#software_engineering
http://www.semanticweb.org/admin/ontologies/2021/2/untitled-ontology-11#development_management,http://www.w3.org/2000/01/rdf-schema#subClassOf,http://www.semanticweb.org/admin/ontologies/2021/2/untitled-ontology-11#management_lead
http://www.semanticweb.org/admin/ontologies/2021/2/untitled-ontology-11#development_testing,http://www.w3.org/2000/01/rdf-schema#subClassOf,http://www.semanticweb.org/admin/ontologies/2021/2/untitled-ontology-11#testing
http://www.semanticweb.org/admin/ontologies/2021/2/untitled-ontology-11#digital_business_analyst,http://www.w3.org/2000/01/rdf-schema#subClassOf,http://www.semanticweb.org/admin/ontologies/2021/2/untitled-ontology-11#analytical
http://www.semanticweb.org/admin/ontologies/2021/2/untitled-ontology-11#digital_marketing,http://www.w3.org/2000/01/rdf-schema#subClassOf,http://www.semanticweb.org/admin/ontologies/2021/2/untitled-ontology-11#advertisement
http://www.semanticweb.org/admin/ontologies/2021/2/untitled-ontology-11#document,http://www.w3.org/2000/01/rdf-schema#subClassOf,http://www.semanticweb.org/admin/ontologies/2021/2/untitled-ontology-11#business_skill
http://www.semanticweb.org/admin/ontologies/2021/2/untitled-ontology-11#document_management,http://www.w3.org/2000/01/rdf-schema#subClassOf,http://www.semanticweb.org/admin/ontologies/2021/2/untitled-ontology-11#management_lead
http://www.semanticweb.org/admin/ontologies/2021/2/untitled-ontology-11#documentation,http://www.w3.org/2000/01/rdf-schema#subClassOf,http://www.semanticweb.org/admin/ontologies/2021/2/untitled-ontology-11#soft_skill
http://www.semanticweb.org/admin/ontologies/2021/2/untitled-ontology-11#documentation_skills,http://www.w3.org/2000/01/rdf-schema#subClassOf,http://www.semanticweb.org/admin/ontologies/2021/2/untitled-ontology-11#documentation
http://www.semanticweb.org/admin/ontologies/2021/2/untitled-ontology-11#documentation_skills,http://www.w3.org/2000/01/rdf-schema#label,documentation_skill,documentation_skills
http://www.semanticweb.org/admin/ontologies/2021/2/untitled-ontology-11#drafting_business_process_flow,http://www.w3.org/2000/01/rdf-schema#subClassOf,http://www.semanticweb.org/admin/ontologies/2021/2/untitled-ontology-11#business_skill
http://www.semanticweb.org/admin/ontologies/2021/2/untitled-ontology-11#due_diligence,http://www.w3.org/2000/01/rdf-schema#subClassOf,http://www.semanticweb.org/admin/ontologies/2021/2/untitled-ontology-11#business_skill
http://www.semanticweb.org/admin/ontologies/2021/2/untitled-ontology-11#e-commerce,http://www.w3.org/2000/01/rdf-schema#subClassOf,http://www.semanticweb.org/admin/ontologies/2021/2/untitled-ontology-11#software_engineering
http://www.semanticweb.org/admin/ontologies/2021/2/untitled-ontology-11#e-learning,http://www.w3.org/2000/01/rdf-schema#subClassOf,http://www.semanticweb.org/admin/ontologies/2021/2/untitled-ontology-11#business_skill
http://www.semanticweb.org/admin/ontologies/2021/2/untitled-ontology-11#ecommerce,http://www.w3.org/2000/01/rdf-schema#subClassOf,http://www.semanticweb.org/admin/ontologies/2021/2/untitled-ontology-11#business_skill
http://www.semanticweb.org/admin/ontologies/2021/2/untitled-ontology-11#education,http://www.w3.org/2000/01/rdf-schema#subClassOf,http://www.semanticweb.org/admin/ontologies/2021/2/untitled-ontology-11#business_skill
http://www.semanticweb.org/admin/ontologies/2021/2/untitled-ontology-11#effort_estimation,http://www.w3.org/2000/01/rdf-schema#subClassOf,http://www.semanticweb.org/admin/ontologies/2021/2/untitled-ontology-11#product_management
http://www.semanticweb.org/admin/ontologies/2021/2/untitled-ontology-11#elicitation,http://www.w3.org/2000/01/rdf-schema#subClassOf,http://www.semanticweb.org/admin/ontologies/2021/2/untitled-ontology-11#business_skill
http://www.semanticweb.org/admin/ontologies/2021/2/untitled-ontology-11#engineering,http://www.w3.org/2000/01/rdf-schema#subClassOf,http://www.semanticweb.org/admin/ontologies/2021/2/untitled-ontology-11#experience
http://www.semanticweb.org/admin/ontologies/2021/2/untitled-ontology-11#epic,http://www.w3.org/2000/01/rdf-schema#subClassOf,http://www.semanticweb.org/admin/ontologies/2021/2/untitled-ontology-11#business_skill
http://www.semanticweb.org/admin/ontologies/2021/2/untitled-ontology-11#erp,http://www.w3.org/2000/01/rdf-schema#subClassOf,http://www.semanticweb.org/admin/ontologies/2021/2/untitled-ontology-11#software_engineering
http://www.semanticweb.org/admin/ontologies/2021/2/untitled-ontology-11#excel_powerpoint,http://www.w3.org/2000/01/rdf-schema#subClassOf,http://www.semanticweb.org/admin/ontologies/2021/2/untitled-ontology-11#ms
http://www.semanticweb.org/admin/ontologies/2021/2/untitled-ontology-11#excellent_analytical,http://www.w3.org/2000/01/rdf-schema#subClassOf,http://www.semanticweb.org/admin/ontologies/2021/2/untitled-ontology-11#analytical
http://www.semanticweb.org/admin/ontologies/2021/2/untitled-ontology-11#execution,http://www.w3.org/2000/01/rdf-schema#subClassOf,http://www.semanticweb.org/admin/ontologies/2021/2/untitled-ontology-11#management_lead
http://www.semanticweb.org/admin/ontologies/2021/2/untitled-ontology-11#experience,http://www.w3.org/2000/01/rdf-schema#subClassOf,http://www.semanticweb.org/admin/ontologies/2021/2/untitled-ontology-11#business_analyst
http://www.semanticweb.org/admin/ontologies/2021/2/untitled-ontology-11#fastag,http://www.w3.org/2000/01/rdf-schema#subClassOf,http://www.semanticweb.org/admin/ontologies/2021/2/untitled-ontology-11#business_skill
http://www.semanticweb.org/admin/ontologies/2021/2/untitled-ontology-11#faster_payments,http://www.w3.org/2000/01/rdf-schema#subClassOf,http://www.semanticweb.org/admin/ontologies/2021/2/untitled-ontology-11#business_skill
http://www.semanticweb.org/admin/ontologies/2021/2/untitled-ontology-11#faster_payments,http://www.w3.org/2000/01/rdf-schema#label,faster_payment,faster_payments
http://www.semanticweb.org/admin/ontologies/2021/2/untitled-ontology-11#finance,http://www.w3.org/2000/01/rdf-schema#subClassOf,http://www.semanticweb.org/admin/ontologies/2021/2/untitled-ontology-11#business_skill
http://www.semanticweb.org/admin/ontologies/2021/2/untitled-ontology-11#financial_analysis,http://www.w3.org/2000/01/rdf-schema#subClassOf,http://www.semanticweb.org/admin/ontologies/2021/2/untitled-ontology-11#finance
http://www.semanticweb.org/admin/ontologies/2021/2/untitled-ontology-11#financial_analyst,http://www.w3.org/2000/01/rdf-schema#subClassOf,http://www.semanticweb.org/admin/ontologies/2021/2/untitled-ontology-11#analytical
http://www.semanticweb.org/admin/ontologies/2021/2/untitled-ontology-11#financial_product,http://www.w3.org/2000/01/rdf-schema#subClassOf,http://www.semanticweb.org/admin/ontologies/2021/2/untitled-ontology-11#product_type
http://www.semanticweb.org/admin/ontologies/2021/2/untitled-ontology-11#financial_product,http://www.w3.org/2000/01/rdf-schema#label,financial_product,financial_products
http://www.semanticweb.org/admin/ontologies/2021/2/untitled-ontology-11#financial_services,http://www.w3.org/2000/01/rdf-schema#subClassOf,http://www.semanticweb.org/admin/ontologies/2021/2/untitled-ontology-11#finance
http://www.semanticweb.org/admin/ontologies/2021/2/untitled-ontology-11#financial_services,http://www.w3.org/2000/01/rdf-schema#label,financial_service,financial_services
http://www.semanticweb.org/admin/ontologies/2021/2/untitled-ontology-11#financial_statement_analysis,http://www.w3.org/2000/01/rdf-schema#subClassOf,http://www.semanticweb.org/admin/ontologies/2021/2/untitled-ontology-11#analytical
http://www.semanticweb.org/admin/ontologies/2021/2/untitled-ontology-11#fintech_environments,http://www.w3.org/2000/01/rdf-schema#subClassOf,http://www.semanticweb.org/admin/ontologies/2021/2/untitled-ontology-11#management_lead
http://www.semanticweb.org/admin/ontologies/2021/2/untitled-ontology-11#fixed_income,http://www.w3.org/2000/01/rdf-schema#subClassOf,http://www.semanticweb.org/admin/ontologies/2021/2/untitled-ontology-11#business_skill
http://www.semanticweb.org/admin/ontologies/2021/2/untitled-ontology-11#flow_charts,http://www.w3.org/2000/01/rdf-schema#subClassOf,http://www.semanticweb.org/admin/ontologies/2021/2/untitled-ontology-11#software
http://www.semanticweb.org/admin/ontologies/2021/2/untitled-ontology-11#flow_charts,http://www.w3.org/2000/01/rdf-schema#label,flow_chart,flow_charts
http://www.semanticweb.org/admin/ontologies/2021/2/untitled-ontology-11#flow_diagrams,http://www.w3.org/2000/01/rdf-schema#subClassOf,http://www.semanticweb.org/admin/ontologies/2021/2/untitled-ontology-11#software
http://www.semanticweb.org/admin/ontologies/2021/2/untitled-ontology-11#flow_diagrams,http://www.w3.org/2000/01/rdf-schema#label,flow_diagram,flow_diagrams
http://www.semanticweb.org/admin/ontologies/2021/2/untitled-ontology-11#flowchart_tools,http://www.w3.org/2000/01/rdf-schema#subClassOf,http://www.semanticweb.org/admin/ontologies/2021/2/untitled-ontology-11#tool
http://www.semanticweb.org/admin/ontologies/2021/2/untitled-ontology-11#flowchart_tools,http://www.w3.org/2000/01/rdf-schema#label,flowchart_tool,flowchart_tools
http://www.semanticweb.org/admin/ontologies/2021/2/untitled-ontology-11#foreign_exchange,http://www.w3.org/2000/01/rdf-schema#subClassOf,http://www.semanticweb.org/admin/ontologies/2021/2/untitled-ontology-11#business
http://www.semanticweb.org/admin/ontologies/2021/2/untitled-ontology-11#frs,http://www.w3.org/2000/01/rdf-schema#subClassOf,http://www.semanticweb.org/admin/ontologies/2021/2/untitled-ontology-11#document
http://www.semanticweb.org/admin/ontologies/2021/2/untitled-ontology-11#functional_analysis,http://www.w3.org/2000/01/rdf-schema#subClassOf,http://www.semanticweb.org/admin/ontologies/2021/2/untitled-ontology-11#product
http://www.semanticweb.org/admin/ontologies/2021/2/untitled-ontology-11#functional_analysis,http://www.w3.org/2002/07/owl#disjointWith,http://www.semanticweb.org/admin/ontologies/2021/2/untitled-ontology-11#requirement_gathering
http://www.semanticweb.org/admin/ontologies/2021/2/untitled-ontology-11#functional_consultancy,http://www.w3.org/2000/01/rdf-schema#subClassOf,http://www.semanticweb.org/admin/ontologies/2021/2/untitled-ontology-11#business_skill
http://www.semanticweb.org/admin/ontologies/2021/2/untitled-ontology-11#functional_consultant,http://www.w3.org/2000/01/rdf-schema#subClassOf,http://www.semanticweb.org/admin/ontologies/2021/2/untitled-ontology-11#consultant
http://www.semanticweb.org/admin/ontologies/2021/2/untitled-ontology-11#functional_specifications,http://www.w3.org/2000/01/rdf-schema#subClassOf,http://www.semanticweb.org/admin/ontologies/2021/2/untitled-ontology-11#document
http://www.semanticweb.org/admin/ontologies/2021/2/untitled-ontology-11#functional_specifications,http://www.w3.org/2000/01/rdf-schema#label,functional_specification,functional_specifications
http://www.semanticweb.org/admin/ontologies/2021/2/untitled-ontology-11#functional_support,http://www.w3.org/2000/01/rdf-schema#subClassOf,http://www.semanticweb.org/admin/ontologies/2021/2/untitled-ontology-11#software_engineering
http://www.semanticweb.org/admin/ontologies/2021/2/untitled-ontology-11#fx_derivatives,http://www.w3.org/2000/01/rdf-schema#subClassOf,http://www.semanticweb.org/admin/ontologies/2021/2/untitled-ontology-11#business_skill
http://www.semanticweb.org/admin/ontologies/2021/2/untitled-ontology-11#gap_analysis,http://www.w3.org/2000/01/rdf-schema#subClassOf,http://www.semanticweb.org/admin/ontologies/2021/2/untitled-ontology-11#analytical
http://www.semanticweb.org/admin/ontologies/2021/2/untitled-ontology-11#git,http://www.w3.org/2000/01/rdf-schema#subClassOf,http://www.semanticweb.org/admin/ontologies/2021/2/untitled-ontology-11#tool
http://www.semanticweb.org/admin/ontologies/2021/2/untitled-ontology-11#good_database_knowledge,http://www.w3.org/2000/01/rdf-schema#subClassOf,http://www.semanticweb.org/admin/ontologies/2021/2/untitled-ontology-11#database
http://www.semanticweb.org/admin/ontologies/2021/2/untitled-ontology-11#google_cloud,http://www.w3.org/2000/01/rdf-schema#subClassOf,http://www.semanticweb.org/admin/ontologies/2021/2/untitled-ontology-11#database
http://www.semanticweb.org/admin/ontologies/2021/2/untitled-ontology-11#graphic_tools,http://www.w3.org/2000/01/rdf-schema#subClassOf,http://www.semanticweb.org/admin/ontologies/2021/2/untitled-ontology-11#tool
http://www.semanticweb.org/admin/ontologies/2021/2/untitled-ontology-11#graphic_tools,http://www.w3.org/2000/01/rdf-schema#label,graphic_tool,graphic_tools
http://www.semanticweb.org/admin/ontologies/2021/2/untitled-ontology-11#gtid,http://www.w3.org/2000/01/rdf-schema#subClassOf,http://www.semanticweb.org/admin/ontologies/2021/2/untitled-ontology-11#business_skill
http://www.semanticweb.org/admin/ontologies/2021/2/untitled-ontology-11#healthcare,http://www.w3.org/2000/01/rdf-schema#subClassOf,http://www.semanticweb.org/admin/ontologies/2021/2/untitled-ontology-11#management_lead
http://www.semanticweb.org/admin/ontologies/2021/2/untitled-ontology-11#heathcare_consultant,http://www.w3.org/2000/01/rdf-schema#subClassOf,http://www.semanticweb.org/admin/ontologies/2021/2/untitled-ontology-11#consultant
http://www.semanticweb.org/admin/ontologies/2021/2/untitled-ontology-11#high_level_design,http://www.w3.org/2000/01/rdf-schema#subClassOf,http://www.semanticweb.org/admin/ontologies/2021/2/untitled-ontology-11#software_engineering
http://www.semanticweb.org/admin/ontologies/2021/2/untitled-ontology-11#hiring,http://www.w3.org/2000/01/rdf-schema#subClassOf,http://www.semanticweb.org/admin/ontologies/2021/2/untitled-ontology-11#HR
http://www.semanticweb.org/admin/ontologies/2021/2/untitled-ontology-11#hybris,http://www.w3.org/2000/01/rdf-schema#subClassOf,http://www.semanticweb.org/admin/ontologies/2021/2/untitled-ontology-11#business_skill
http://www.semanticweb.org/admin/ontologies/2021/2/untitled-ontology-11#ict,http://www.w3.org/2000/01/rdf-schema#subClassOf,http://www.semanticweb.org/admin/ontologies/2021/2/untitled-ontology-11#software_engineering
http://www.semanticweb.org/admin/ontologies/2021/2/untitled-ontology-11#impact_analysis,http://www.w3.org/2000/01/rdf-schema#subClassOf,http://www.semanticweb.org/admin/ontologies/2021/2/untitled-ontology-11#analytical
http://www.semanticweb.org/admin/ontologies/2021/2/untitled-ontology-11#implementation,http://www.w3.org/2000/01/rdf-schema#subClassOf,http://www.semanticweb.org/admin/ontologies/2021/2/untitled-ontology-11#software_engineering
http://www.semanticweb.org/admin/ontologies/2021/2/untitled-ontology-11#incident_management,http://www.w3.org/2000/01/rdf-schema#subClassOf,http://www.semanticweb.org/admin/ontologies/2021/2/untitled-ontology-11#management_lead
http://www.semanticweb.org/admin/ontologies/2021/2/untitled-ontology-11#information_gathering,http://www.w3.org/2000/01/rdf-schema#subClassOf,http://www.semanticweb.org/admin/ontologies/2021/2/untitled-ontology-11#business_skill
http://www.semanticweb.org/admin/ontologies/2021/2/untitled-ontology-11#insurance_product,http://www.w3.org/2000/01/rdf-schema#subClassOf,http://www.semanticweb.org/admin/ontologies/2021/2/untitled-ontology-11#product_type
http://www.semanticweb.org/admin/ontologies/2021/2/untitled-ontology-11#insurance_product,http://www.w3.org/2000/01/rdf-schema#label,insurance_product,insurance_products
http://www.semanticweb.org/admin/ontologies/2021/2/untitled-ontology-11#interfaces,http://www.w3.org/2000/01/rdf-schema#subClassOf,http://www.semanticweb.org/admin/ontologies/2021/2/untitled-ontology-11#software_engineering
http://www.semanticweb.org/admin/ontologies/2021/2/untitled-ontology-11#internet_banking,http://www.w3.org/2000/01/rdf-schema#subClassOf,http://www.semanticweb.org/admin/ontologies/2021/2/untitled-ontology-11#bank
http://www.semanticweb.org/admin/ontologies/2021/2/untitled-ontology-11#internet_marketing,http://www.w3.org/2000/01/rdf-schema#subClassOf,http://www.semanticweb.org/admin/ontologies/2021/2/untitled-ontology-11#advertisement
http://www.semanticweb.org/admin/ontologies/2021/2/untitled-ontology-11#internet_technologies,http://www.w3.org/2000/01/rdf-schema#subClassOf,http://www.semanticweb.org/admin/ontologies/2021/2/untitled-ontology-11#software_engineering
http://www.semanticweb.org/admin/ontologies/2021/2/untitled-ontology-11#internet_technologies,http://www.w3.org/2000/01/rdf-schema#label,internet_technologies,internet_technology
http://www.semanticweb.org/admin/ontologies/2021/2/untitled-ontology-11#interpersonal_skills,http://www.w3.org/2000/01/rdf-schema#subClassOf,http://www.semanticweb.org/admin/ontologies/2021/2/untitled-ontology-11#soft_skill
http://www.semanticweb.org/admin/ontologies/2021/2/untitled-ontology-11#interpersonal_skills,http://www.w3.org/2000/01/rdf-schema#label,interpersonal_skill,interpersonal_skills
http://www.semanticweb.org/admin/ontologies/2021/2/untitled-ontology-11#interviewing,http://www.w3.org/2000/01/rdf-schema#subClassOf,http://www.semanticweb.org/admin/ontologies/2021/2/untitled-ontology-11#HR
http://www.semanticweb.org/admin/ontologies/2021/2/untitled-ontology-11#investment_banking,http://www.w3.org/2000/01/rdf-schema#subClassOf,http://www.semanticweb.org/admin/ontologies/2021/2/untitled-ontology-11#bank
http://www.semanticweb.org/admin/ontologies/2021/2/untitled-ontology-11#it_business_analysis,http://www.w3.org/2000/01/rdf-schema#subClassOf,http://www.semanticweb.org/admin/ontologies/2021/2/untitled-ontology-11#analytical
http://www.semanticweb.org/admin/ontologies/2021/2/untitled-ontology-11#it_business_analyst,http://www.w3.org/2000/01/rdf-schema#subClassOf,http://www.semanticweb.org/admin/ontologies/2021/2/untitled-ontology-11#analytical
http://www.semanticweb.org/admin/ontologies/2021/2/untitled-ontology-11#it_consulting,http://www.w3.org/2000/01/rdf-schema#subClassOf,http://www.semanticweb.org/admin/ontologies/2021/2/untitled-ontology-11#consultant
http://www.semanticweb.org/admin/ontologies/2021/2/untitled-ontology-11#it_project_coordinator,http://www.w3.org/2000/01/rdf-schema#subClassOf,http://www.semanticweb.org/admin/ontologies/2021/2/untitled-ontology-11#project_manager
http://www.semanticweb.org/admin/ontologies/2021/2/untitled-ontology-11#it_sales,http://www.w3.org/2000/01/rdf-schema#subClassOf,http://www.semanticweb.org/admin/ontologies/2021/2/untitled-ontology-11#business_skill
http://www.semanticweb.org/admin/ontologies/2021/2/untitled-ontology-11#iterative,http://www.w3.org/2000/01/rdf-schema#subClassOf,http://www.semanticweb.org/admin/ontologies/2021/2/untitled-ontology-11#business_skill
http://www.semanticweb.org/admin/ontologies/2021/2/untitled-ontology-11#javascript,http://www.w3.org/2000/01/rdf-schema#subClassOf,http://www.semanticweb.org/admin/ontologies/2021/2/untitled-ontology-11#languages
http://www.semanticweb.org/admin/ontologies/2021/2/untitled-ontology-11#jira,http://www.w3.org/2000/01/rdf-schema#subClassOf,http://www.semanticweb.org/admin/ontologies/2021/2/untitled-ontology-11#tool
http://www.semanticweb.org/admin/ontologies/2021/2/untitled-ontology-11#languages,http://www.w3.org/2000/01/rdf-schema#subClassOf,http://www.semanticweb.org/admin/ontologies/2021/2/untitled-ontology-11#business_analyst
http://www.semanticweb.org/admin/ontologies/2021/2/untitled-ontology-11#languages,http://www.w3.org/2000/01/rdf-schema#label,language,languages
http://www.semanticweb.org/admin/ontologies/2021/2/untitled-ontology-11#lead_developers,http://www.w3.org/2000/01/rdf-schema#subClassOf,http://www.semanticweb.org/admin/ontologies/2021/2/untitled-ontology-11#software_engineering
http://www.semanticweb.org/admin/ontologies/2021/2/untitled-ontology-11#lead_developers,http://www.w3.org/2000/01/rdf-schema#label,lead_developer,lead_developers
http://www.semanticweb.org/admin/ontologies/2021/2/untitled-ontology-11#lead_generation,http://www.w3.org/2000/01/rdf-schema#subClassOf,http://www.semanticweb.org/admin/ontologies/2021/2/untitled-ontology-11#experience
http://www.semanticweb.org/admin/ontologies/2021/2/untitled-ontology-11#lead_management,http://www.w3.org/2000/01/rdf-schema#subClassOf,http://www.semanticweb.org/admin/ontologies/2021/2/untitled-ontology-11#management_lead
http://www.semanticweb.org/admin/ontologies/2021/2/untitled-ontology-11#leadership,http://www.w3.org/2000/01/rdf-schema#subClassOf,http://www.semanticweb.org/admin/ontologies/2021/2/untitled-ontology-11#management_lead
http://www.semanticweb.org/admin/ontologies/2021/2/untitled-ontology-11#leadership_training,http://www.w3.org/2000/01/rdf-schema#subClassOf,http://www.semanticweb.org/admin/ontologies/2021/2/untitled-ontology-11#HR
http://www.semanticweb.org/admin/ontologies/2021/2/untitled-ontology-11#lending,http://www.w3.org/2000/01/rdf-schema#subClassOf,http://www.semanticweb.org/admin/ontologies/2021/2/untitled-ontology-11#loan
http://www.semanticweb.org/admin/ontologies/2021/2/untitled-ontology-11#leveraged_investment,http://www.w3.org/2000/01/rdf-schema#subClassOf,http://www.semanticweb.org/admin/ontologies/2021/2/untitled-ontology-11#business
http://www.semanticweb.org/admin/ontologies/2021/2/untitled-ontology-11#life_cycle,http://www.w3.org/2000/01/rdf-schema#subClassOf,http://www.semanticweb.org/admin/ontologies/2021/2/untitled-ontology-11#product
http://www.semanticweb.org/admin/ontologies/2021/2/untitled-ontology-11#linux,http://www.w3.org/2000/01/rdf-schema#subClassOf,http://www.semanticweb.org/admin/ontologies/2021/2/untitled-ontology-11#Operating_System
http://www.semanticweb.org/admin/ontologies/2021/2/untitled-ontology-11#loan,http://www.w3.org/2000/01/rdf-schema#subClassOf,http://www.semanticweb.org/admin/ontologies/2021/2/untitled-ontology-11#business
http://www.semanticweb.org/admin/ontologies/2021/2/untitled-ontology-11#loan_management_system,http://www.w3.org/2000/01/rdf-schema#subClassOf,http://www.semanticweb.org/admin/ontologies/2021/2/untitled-ontology-11#loan
http://www.semanticweb.org/admin/ontologies/2021/2/untitled-ontology-11#loan_origination,http://www.w3.org/2000/01/rdf-schema#subClassOf,http://www.semanticweb.org/admin/ontologies/2021/2/untitled-ontology-11#loan
http://www.semanticweb.org/admin/ontologies/2021/2/untitled-ontology-11#loan_servicing,http://www.w3.org/2000/01/rdf-schema#subClassOf,http://www.semanticweb.org/admin/ontologies/2021/2/untitled-ontology-11#loan
http://www.semanticweb.org/admin/ontologies/2021/2/untitled-ontology-11#logistics,http://www.w3.org/2000/01/rdf-schema#subClassOf,http://www.semanticweb.org/admin/ontologies/2021/2/untitled-ontology-11#business_skill
http://www.semanticweb.org/admin/ontologies/2021/2/untitled-ontology-11#logistics,http://www.w3.org/2000/01/rdf-schema#label,logistic,logistics
http://www.semanticweb.org/admin/ontologies/2021/2/untitled-ontology-11#mac_OS,http://www.w3.org/2000/01/rdf-schema#subClassOf,http://www.semanticweb.org/admin/ontologies/2021/2/untitled-ontology-11#Operating_System
http://www.semanticweb.org/admin/ontologies/2021/2/untitled-ontology-11#mac_OS,http://www.w3.org/2002/07/owl#disjointWith,http://www.semanticweb.org/admin/ontologies/2021/2/untitled-ontology-11#windows
http://www.semanticweb.org/admin/ontologies/2021/2/untitled-ontology-11#management,http://www.w3.org/2000/01/rdf-schema#subClassOf,http://www.semanticweb.org/admin/ontologies/2021/2/untitled-ontology-11#management_lead
http://www.semanticweb.org/admin/ontologies/2021/2/untitled-ontology-11#management_consulting,http://www.w3.org/2000/01/rdf-schema#subClassOf,http://www.semanticweb.org/admin/ontologies/2021/2/untitled-ontology-11#consultant
http://www.semanticweb.org/admin/ontologies/2021/2/untitled-ontology-11#management_lead,http://www.w3.org/2000/01/rdf-schema#subClassOf,http://www.semanticweb.org/admin/ontologies/2021/2/untitled-ontology-11#business_analyst
http://www.semanticweb.org/admin/ontologies/2021/2/untitled-ontology-11#management_reporting,http://www.w3.org/2000/01/rdf-schema#subClassOf,http://www.semanticweb.org/admin/ontologies/2021/2/untitled-ontology-11#soft_skill
http://www.semanticweb.org/admin/ontologies/2021/2/untitled-ontology-11#manager_quality_assurance,http://www.w3.org/2000/01/rdf-schema#subClassOf,http://www.semanticweb.org/admin/ontologies/2021/2/untitled-ontology-11#management_lead
http://www.semanticweb.org/admin/ontologies/2021/2/untitled-ontology-11#manager_technology,http://www.w3.org/2000/01/rdf-schema#subClassOf,http://www.semanticweb.org/admin/ontologies/2021/2/untitled-ontology-11#software_engineering
http://www.semanticweb.org/admin/ontologies/2021/2/untitled-ontology-11#market_analysis,http://www.w3.org/2000/01/rdf-schema#subClassOf,http://www.semanticweb.org/admin/ontologies/2021/2/untitled-ontology-11#analytical
http://www.semanticweb.org/admin/ontologies/2021/2/untitled-ontology-11#market_assessment,http://www.w3.org/2000/01/rdf-schema#subClassOf,http://www.semanticweb.org/admin/ontologies/2021/2/untitled-ontology-11#business_skill
http://www.semanticweb.org/admin/ontologies/2021/2/untitled-ontology-11#market_intelligence,http://www.w3.org/2000/01/rdf-schema#subClassOf,http://www.semanticweb.org/admin/ontologies/2021/2/untitled-ontology-11#soft_skill
http://www.semanticweb.org/admin/ontologies/2021/2/untitled-ontology-11#market_research,http://www.w3.org/2000/01/rdf-schema#subClassOf,http://www.semanticweb.org/admin/ontologies/2021/2/untitled-ontology-11#research
http://www.semanticweb.org/admin/ontologies/2021/2/untitled-ontology-11#marketing,http://www.w3.org/2000/01/rdf-schema#subClassOf,http://www.semanticweb.org/admin/ontologies/2021/2/untitled-ontology-11#business_skill
http://www.semanticweb.org/admin/ontologies/2021/2/untitled-ontology-11#marketing_support,http://www.w3.org/2000/01/rdf-schema#subClassOf,http://www.semanticweb.org/admin/ontologies/2021/2/untitled-ontology-11#advertisement
http://www.semanticweb.org/admin/ontologies/2021/2/untitled-ontology-11#matrix,http://www.w3.org/2000/01/rdf-schema#subClassOf,http://www.semanticweb.org/admin/ontologies/2021/2/untitled-ontology-11#business_skill
http://www.semanticweb.org/admin/ontologies/2021/2/untitled-ontology-11#mba,http://www.w3.org/2000/01/rdf-schema#subClassOf,http://www.semanticweb.org/admin/ontologies/2021/2/untitled-ontology-11#business_skill
http://www.semanticweb.org/admin/ontologies/2021/2/untitled-ontology-11#methodologies,http://www.w3.org/2000/01/rdf-schema#subClassOf,http://www.semanticweb.org/admin/ontologies/2021/2/untitled-ontology-11#business_analyst
http://www.semanticweb.org/admin/ontologies/2021/2/untitled-ontology-11#metrics,http://www.w3.org/2000/01/rdf-schema#subClassOf,http://www.semanticweb.org/admin/ontologies/2021/2/untitled-ontology-11#testing
http://www.semanticweb.org/admin/ontologies/2021/2/untitled-ontology-11#metrics_analysis,http://www.w3.org/2000/01/rdf-schema#subClassOf,http://www.semanticweb.org/admin/ontologies/2021/2/untitled-ontology-11#analytical
http://www.semanticweb.org/admin/ontologies/2021/2/untitled-ontology-11#microsoft_azure,http://www.w3.org/2000/01/rdf-schema#subClassOf,http://www.semanticweb.org/admin/ontologies/2021/2/untitled-ontology-11#database
http://www.semanticweb.org/admin/ontologies/2021/2/untitled-ontology-11#mobile_applications,http://www.w3.org/2000/01/rdf-schema#subClassOf,http://www.semanticweb.org/admin/ontologies/2021/2/untitled-ontology-11#software_engineering
http://www.semanticweb.org/admin/ontologies/2021/2/untitled-ontology-11#mobile_applications,http://www.w3.org/2000/01/rdf-schema#label,mobile_application,mobile_applications
http://www.semanticweb.org/admin/ontologies/2021/2/untitled-ontology-11#mobile_product,http://www.w3.org/2000/01/rdf-schema#subClassOf,http://www.semanticweb.org/admin/ontologies/2021/2/untitled-ontology-11#product_type
http://www.semanticweb.org/admin/ontologies/2021/2/untitled-ontology-11#mock_up,http://www.w3.org/2000/01/rdf-schema#subClassOf,http://www.semanticweb.org/admin/ontologies/2021/2/untitled-ontology-11#software_engineering
http://www.semanticweb.org/admin/ontologies/2021/2/untitled-ontology-11#monitoring,http://www.w3.org/2000/01/rdf-schema#subClassOf,http://www.semanticweb.org/admin/ontologies/2021/2/untitled-ontology-11#management_lead
http://www.semanticweb.org/admin/ontologies/2021/2/untitled-ontology-11#mortgage,http://www.w3.org/2000/01/rdf-schema#subClassOf,http://www.semanticweb.org/admin/ontologies/2021/2/untitled-ontology-11#finance
http://www.semanticweb.org/admin/ontologies/2021/2/untitled-ontology-11#ms,http://www.w3.org/2000/01/rdf-schema#subClassOf,http://www.semanticweb.org/admin/ontologies/2021/2/untitled-ontology-11#tool
http://www.semanticweb.org/admin/ontologies/2021/2/untitled-ontology-11#ms_excel,http://www.w3.org/2000/01/rdf-schema#subClassOf,http://www.semanticweb.org/admin/ontologies/2021/2/untitled-ontology-11#ms
http://www.semanticweb.org/admin/ontologies/2021/2/untitled-ontology-11#ms_office,http://www.w3.org/2000/01/rdf-schema#subClassOf,http://www.semanticweb.org/admin/ontologies/2021/2/untitled-ontology-11#ms
http://www.semanticweb.org/admin/ontologies/2021/2/untitled-ontology-11#ms_project,http://www.w3.org/2000/01/rdf-schema#subClassOf,http://www.semanticweb.org/admin/ontologies/2021/2/untitled-ontology-11#ms
http://www.semanticweb.org/admin/ontologies/2021/2/untitled-ontology-11#ms_visio,http://www.w3.org/2000/01/rdf-schema#subClassOf,http://www.semanticweb.org/admin/ontologies/2021/2/untitled-ontology-11#ms
http://www.semanticweb.org/admin/ontologies/2021/2/untitled-ontology-11#ms_word,http://www.w3.org/2000/01/rdf-schema#subClassOf,http://www.semanticweb.org/admin/ontologies/2021/2/untitled-ontology-11#ms
http://www.semanticweb.org/admin/ontologies/2021/2/untitled-ontology-11#murex,http://www.w3.org/2000/01/rdf-schema#subClassOf,http://www.semanticweb.org/admin/ontologies/2021/2/untitled-ontology-11#tradding
http://www.semanticweb.org/admin/ontologies/2021/2/untitled-ontology-11#mysql,http://www.w3.org/2000/01/rdf-schema#subClassOf,http://www.semanticweb.org/admin/ontologies/2021/2/untitled-ontology-11#database
http://www.semanticweb.org/admin/ontologies/2021/2/untitled-ontology-11#netc,http://www.w3.org/2000/01/rdf-schema#subClassOf,http://www.semanticweb.org/admin/ontologies/2021/2/untitled-ontology-11#business_skill
http://www.semanticweb.org/admin/ontologies/2021/2/untitled-ontology-11#online_bidding,http://www.w3.org/2000/01/rdf-schema#subClassOf,http://www.semanticweb.org/admin/ontologies/2021/2/untitled-ontology-11#bidding
http://www.semanticweb.org/admin/ontologies/2021/2/untitled-ontology-11#operations,http://www.w3.org/2000/01/rdf-schema#subClassOf,http://www.semanticweb.org/admin/ontologies/2021/2/untitled-ontology-11#business_skill
http://www.semanticweb.org/admin/ontologies/2021/2/untitled-ontology-11#operations_management,http://www.w3.org/2000/01/rdf-schema#subClassOf,http://www.semanticweb.org/admin/ontologies/2021/2/untitled-ontology-11#management_lead
http://www.semanticweb.org/admin/ontologies/2021/2/untitled-ontology-11#payment_gateways,http://www.w3.org/2000/01/rdf-schema#subClassOf,http://www.semanticweb.org/admin/ontologies/2021/2/untitled-ontology-11#finance
http://www.semanticweb.org/admin/ontologies/2021/2/untitled-ontology-11#payment_gateways,http://www.w3.org/2000/01/rdf-schema#label,payment_gateway,payment_gateways
http://www.semanticweb.org/admin/ontologies/2021/2/untitled-ontology-11#payments,http://www.w3.org/2000/01/rdf-schema#subClassOf,http://www.semanticweb.org/admin/ontologies/2021/2/untitled-ontology-11#business_skill
http://www.semanticweb.org/admin/ontologies/2021/2/untitled-ontology-11#payments,http://www.w3.org/2000/01/rdf-schema#label,payment,payments
http://www.semanticweb.org/admin/ontologies/2021/2/untitled-ontology-11#performance_monitoring,http://www.w3.org/2000/01/rdf-schema#subClassOf,http://www.semanticweb.org/admin/ontologies/2021/2/untitled-ontology-11#management_lead
http://www.semanticweb.org/admin/ontologies/2021/2/untitled-ontology-11#point_of_sale,http://www.w3.org/2000/01/rdf-schema#subClassOf,http://www.semanticweb.org/admin/ontologies/2021/2/untitled-ontology-11#business_skill
http://www.semanticweb.org/admin/ontologies/2021/2/untitled-ontology-11#pos,http://www.w3.org/2000/01/rdf-schema#subClassOf,http://www.semanticweb.org/admin/ontologies/2021/2/untitled-ontology-11#business_skill
http://www.semanticweb.org/admin/ontologies/2021/2/untitled-ontology-11#power_bi,http://www.w3.org/2000/01/rdf-schema#subClassOf,http://www.semanticweb.org/admin/ontologies/2021/2/untitled-ontology-11#ms
http://www.semanticweb.org/admin/ontologies/2021/2/untitled-ontology-11#power_point_presentation,http://www.w3.org/2000/01/rdf-schema#subClassOf,http://www.semanticweb.org/admin/ontologies/2021/2/untitled-ontology-11#communication
http://www.semanticweb.org/admin/ontologies/2021/2/untitled-ontology-11#prepaid_cards,http://www.w3.org/2000/01/rdf-schema#subClassOf,http://www.semanticweb.org/admin/ontologies/2021/2/untitled-ontology-11#business_skill
http://www.semanticweb.org/admin/ontologies/2021/2/untitled-ontology-11#prepaid_cards,http://www.w3.org/2000/01/rdf-schema#label,prepaid_card,prepaid_cards
http://www.semanticweb.org/admin/ontologies/2021/2/untitled-ontology-11#preparation_test_scenarios,http://www.w3.org/2000/01/rdf-schema#subClassOf,http://www.semanticweb.org/admin/ontologies/2021/2/untitled-ontology-11#testing
http://www.semanticweb.org/admin/ontologies/2021/2/untitled-ontology-11#presales,http://www.w3.org/2000/01/rdf-schema#subClassOf,http://www.semanticweb.org/admin/ontologies/2021/2/untitled-ontology-11#business_skill
http://www.semanticweb.org/admin/ontologies/2021/2/untitled-ontology-11#presentation_skills,http://www.w3.org/2000/01/rdf-schema#subClassOf,http://www.semanticweb.org/admin/ontologies/2021/2/untitled-ontology-11#soft_skill
http://www.semanticweb.org/admin/ontologies/2021/2/untitled-ontology-11#presentation_skills,http://www.w3.org/2000/01/rdf-schema#label,presentation_skill,presentation_skills
http://www.semanticweb.org/admin/ontologies/2021/2/untitled-ontology-11#printing,http://www.w3.org/2000/01/rdf-schema#subClassOf,http://www.semanticweb.org/admin/ontologies/2021/2/untitled-ontology-11#soft_skill
http://www.semanticweb.org/admin/ontologies/2021/2/untitled-ontology-11#problem_solving,http://www.w3.org/2000/01/rdf-schema#subClassOf,http://www.semanticweb.org/admin/ontologies/2021/2/untitled-ontology-11#soft_skill
http://www.semanticweb.org/admin/ontologies/2021/2/untitled-ontology-11#process_definition,http://www.w3.org/2000/01/rdf-schema#subClassOf,http://www.semanticweb.org/admin/ontologies/2021/2/untitled-ontology-11#software
http://www.semanticweb.org/admin/ontologies/2021/2/untitled-ontology-11#process_flow,http://www.w3.org/2000/01/rdf-schema#subClassOf,http://www.semanticweb.org/admin/ontologies/2021/2/untitled-ontology-11#software
http://www.semanticweb.org/admin/ontologies/2021/2/untitled-ontology-11#process_improvement,http://www.w3.org/2000/01/rdf-schema#subClassOf,http://www.semanticweb.org/admin/ontologies/2021/2/untitled-ontology-11#software_engineering
http://www.semanticweb.org/admin/ontologies/2021/2/untitled-ontology-11#process_mapping,http://www.w3.org/2000/01/rdf-schema#subClassOf,http://www.semanticweb.org/admin/ontologies/2021/2/untitled-ontology-11#soft_skill
http://www.semanticweb.org/admin/ontologies/2021/2/untitled-ontology-11#process_re-engineering,http://www.w3.org/2000/01/rdf-schema#subClassOf,http://www.semanticweb.org/admin/ontologies/2021/2/untitled-ontology-11#software
http://www.semanticweb.org/admin/ontologies/2021/2/untitled-ontology-11#process_study,http://www.w3.org/2000/01/rdf-schema#subClassOf,http://www.semanticweb.org/admin/ontologies/2021/2/untitled-ontology-11#software
http://www.semanticweb.org/admin/ontologies/2021/2/untitled-ontology-11#process_study,http://www.w3.org/2000/01/rdf-schema#label,process_study,processes_study
http://www.semanticweb.org/admin/ontologies/2021/2/untitled-ontology-11#process_transition,http://www.w3.org/2000/01/rdf-schema#subClassOf,http://www.semanticweb.org/admin/ontologies/2021/2/untitled-ontology-11#software_engineering
http://www.semanticweb.org/admin/ontologies/2021/2/untitled-ontology-11#product,http://www.w3.org/2000/01/rdf-schema#subClassOf,http://www.semanticweb.org/admin/ontologies/2021/2/untitled-ontology-11#business_analyst
http://www.semanticweb.org/admin/ontologies/2021/2/untitled-ontology-11#product_design,http://www.w3.org/2000/01/rdf-schema#subClassOf,http://www.semanticweb.org/admin/ontologies/2021/2/untitled-ontology-11#product
http://www.semanticweb.org/admin/ontologies/2021/2/untitled-ontology-11#product_development,http://www.w3.org/2000/01/rdf-schema#subClassOf,http://www.semanticweb.org/admin/ontologies/2021/2/untitled-ontology-11#product
http://www.semanticweb.org/admin/ontologies/2021/2/untitled-ontology-11#product_handling,http://www.w3.org/2000/01/rdf-schema#subClassOf,http://www.semanticweb.org/admin/ontologies/2021/2/untitled-ontology-11#product_type
http://www.semanticweb.org/admin/ontologies/2021/2/untitled-ontology-11#product_life_cycle_management,http://www.w3.org/2000/01/rdf-schema#subClassOf,http://www.semanticweb.org/admin/ontologies/2021/2/untitled-ontology-11#product_management
http://www.semanticweb.org/admin/ontologies/2021/2/untitled-ontology-11#product_management,http://www.w3.org/2000/01/rdf-schema#subClassOf,http://www.semanticweb.org/admin/ontologies/2021/2/untitled-ontology-11#management_lead
http://www.semanticweb.org/admin/ontologies/2021/2/untitled-ontology-11#product_manager,http://www.w3.org/2000/01/rdf-schema#subClassOf,http://www.semanticweb.org/admin/ontologies/2021/2/untitled-ontology-11#product_management
http://www.semanticweb.org/admin/ontologies/2021/2/untitled-ontology-11#product_owner,http://www.w3.org/2000/01/rdf-schema#subClassOf,http://www.semanticweb.org/admin/ontologies/2021/2/untitled-ontology-11#product
http://www.semanticweb.org/admin/ontologies/2021/2/untitled-ontology-11#product_owners,http://www.w3.org/2000/01/rdf-schema#subClassOf,http://www.semanticweb.org/admin/ontologies/2021/2/untitled-ontology-11#product_type
http://www.semanticweb.org/admin/ontologies/2021/2/untitled-ontology-11#product_owners,http://www.w3.org/2000/01/rdf-schema#label,product_owner,product_owners
http://www.semanticweb.org/admin/ontologies/2021/2/untitled-ontology-11#product_research,http://www.w3.org/2000/01/rdf-schema#subClassOf,http://www.semanticweb.org/admin/ontologies/2021/2/untitled-ontology-11#business_skill
http://www.semanticweb.org/admin/ontologies/2021/2/untitled-ontology-11#product_type,http://www.w3.org/2000/01/rdf-schema#subClassOf,http://www.semanticweb.org/admin/ontologies/2021/2/untitled-ontology-11#business_skill
http://www.semanticweb.org/admin/ontologies/2021/2/untitled-ontology-11#program_management,http://www.w3.org/2000/01/rdf-schema#subClassOf,http://www.semanticweb.org/admin/ontologies/2021/2/untitled-ontology-11#project_manager
http://www.semanticweb.org/admin/ontologies/2021/2/untitled-ontology-11#programming,http://www.w3.org/2000/01/rdf-schema#subClassOf,http://www.semanticweb.org/admin/ontologies/2021/2/untitled-ontology-11#software_engineering
http://www.semanticweb.org/admin/ontologies/2021/2/untitled-ontology-11#project_accounting,http://www.w3.org/2000/01/rdf-schema#subClassOf,http://www.semanticweb.org/admin/ontologies/2021/2/untitled-ontology-11#software_engineering
http://www.semanticweb.org/admin/ontologies/2021/2/untitled-ontology-11#project_coordination,http://www.w3.org/2000/01/rdf-schema#subClassOf,http://www.semanticweb.org/admin/ontologies/2021/2/untitled-ontology-11#project_manager
http://www.semanticweb.org/admin/ontologies/2021/2/untitled-ontology-11#project_coordinator,http://www.w3.org/2000/01/rdf-schema#subClassOf,http://www.semanticweb.org/admin/ontologies/2021/2/untitled-ontology-11#project_manager
http://www.semanticweb.org/admin/ontologies/2021/2/untitled-ontology-11#project_delivery,http://www.w3.org/2000/01/rdf-schema#subClassOf,http://www.semanticweb.org/admin/ontologies/2021/2/untitled-ontology-11#software_engineering
http://www.semanticweb.org/admin/ontologies/2021/2/untitled-ontology-11#project_documentation,http://www.w3.org/2000/01/rdf-schema#subClassOf,http://www.semanticweb.org/admin/ontologies/2021/2/untitled-ontology-11#software_engineering
http://www.semanticweb.org/admin/ontologies/2021/2/untitled-ontology-11#project_estimation,http://www.w3.org/2000/01/rdf-schema#subClassOf,http://www.semanticweb.org/admin/ontologies/2021/2/untitled-ontology-11#project_manager
http://www.semanticweb.org/admin/ontologies/2021/2/untitled-ontology-11#project_management,http://www.w3.org/2000/01/rdf-schema#subClassOf,http://www.semanticweb.org/admin/ontologies/2021/2/untitled-ontology-11#project_manager
http://www.semanticweb.org/admin/ontologies/2021/2/untitled-ontology-11#project_manager,http://www.w3.org/2000/01/rdf-schema#subClassOf,http://www.semanticweb.org/admin/ontologies/2021/2/untitled-ontology-11#management_lead
http://www.semanticweb.org/admin/ontologies/2021/2/untitled-ontology-11#project_planning,http://www.w3.org/2000/01/rdf-schema#subClassOf,http://www.semanticweb.org/admin/ontologies/2021/2/untitled-ontology-11#management_lead
http://www.semanticweb.org/admin/ontologies/2021/2/untitled-ontology-11#proposal_management,http://www.w3.org/2000/01/rdf-schema#subClassOf,http://www.semanticweb.org/admin/ontologies/2021/2/untitled-ontology-11#business_skill
http://www.semanticweb.org/admin/ontologies/2021/2/untitled-ontology-11#proposal_writing,http://www.w3.org/2000/01/rdf-schema#subClassOf,http://www.semanticweb.org/admin/ontologies/2021/2/untitled-ontology-11#business_skill
http://www.semanticweb.org/admin/ontologies/2021/2/untitled-ontology-11#prototype,http://www.w3.org/2000/01/rdf-schema#subClassOf,http://www.semanticweb.org/admin/ontologies/2021/2/untitled-ontology-11#business_skill
http://www.semanticweb.org/admin/ontologies/2021/2/untitled-ontology-11#prototype_design,http://www.w3.org/2000/01/rdf-schema#subClassOf,http://www.semanticweb.org/admin/ontologies/2021/2/untitled-ontology-11#software_engineering
http://www.semanticweb.org/admin/ontologies/2021/2/untitled-ontology-11#prototyping,http://www.w3.org/2000/01/rdf-schema#subClassOf,http://www.semanticweb.org/admin/ontologies/2021/2/untitled-ontology-11#soft_skill
http://www.semanticweb.org/admin/ontologies/2021/2/untitled-ontology-11#public_sector,http://www.w3.org/2000/01/rdf-schema#subClassOf,http://www.semanticweb.org/admin/ontologies/2021/2/untitled-ontology-11#business_skill
http://www.semanticweb.org/admin/ontologies/2021/2/untitled-ontology-11#python,http://www.w3.org/2000/01/rdf-schema#subClassOf,http://www.semanticweb.org/admin/ontologies/2021/2/untitled-ontology-11#languages
http://www.semanticweb.org/admin/ontologies/2021/2/untitled-ontology-11#qa,http://www.w3.org/2000/01/rdf-schema#subClassOf,http://www.semanticweb.org/admin/ontologies/2021/2/untitled-ontology-11#business_skill
http://www.semanticweb.org/admin/ontologies/2021/2/untitled-ontology-11#quality_standards,http://www.w3.org/2000/01/rdf-schema#subClassOf,http://www.semanticweb.org/admin/ontologies/2021/2/untitled-ontology-11#management_lead
http://www.semanticweb.org/admin/ontologies/2021/2/untitled-ontology-11#rca,http://www.w3.org/2000/01/rdf-schema#subClassOf,http://www.semanticweb.org/admin/ontologies/2021/2/untitled-ontology-11#business_skill
http://www.semanticweb.org/admin/ontologies/2021/2/untitled-ontology-11#regulatory_reporting,http://www.w3.org/2000/01/rdf-schema#subClassOf,http://www.semanticweb.org/admin/ontologies/2021/2/untitled-ontology-11#soft_skill
http://www.semanticweb.org/admin/ontologies/2021/2/untitled-ontology-11#remote_support,http://www.w3.org/2000/01/rdf-schema#subClassOf,http://www.semanticweb.org/admin/ontologies/2021/2/untitled-ontology-11#support
http://www.semanticweb.org/admin/ontologies/2021/2/untitled-ontology-11#replication_logging,http://www.w3.org/2000/01/rdf-schema#subClassOf,http://www.semanticweb.org/admin/ontologies/2021/2/untitled-ontology-11#soft_skill
http://www.semanticweb.org/admin/ontologies/2021/2/untitled-ontology-11#report_generation,http://www.w3.org/2000/01/rdf-schema#subClassOf,http://www.semanticweb.org/admin/ontologies/2021/2/untitled-ontology-11#soft_skill
http://www.semanticweb.org/admin/ontologies/2021/2/untitled-ontology-11#requirement_analysis,http://www.w3.org/2000/01/rdf-schema#subClassOf,http://www.semanticweb.org/admin/ontologies/2021/2/untitled-ontology-11#analytical
http://www.semanticweb.org/admin/ontologies/2021/2/untitled-ontology-11#requirement_gathering,http://www.w3.org/2000/01/rdf-schema#subClassOf,http://www.semanticweb.org/admin/ontologies/2021/2/untitled-ontology-11#product
http://www.semanticweb.org/admin/ontologies/2021/2/untitled-ontology-11#requirement_planning,http://www.w3.org/2000/01/rdf-schema#subClassOf,http://www.semanticweb.org/admin/ontologies/2021/2/untitled-ontology-11#management_lead
http://www.semanticweb.org/admin/ontologies/2021/2/untitled-ontology-11#requirements,http://www.w3.org/2000/01/rdf-schema#subClassOf,http://www.semanticweb.org/admin/ontologies/2021/2/untitled-ontology-11#product
http://www.semanticweb.org/admin/ontologies/2021/2/untitled-ontology-11#requirements,http://www.w3.org/2000/01/rdf-schema#label,requirement,requirements
http://www.semanticweb.org/admin/ontologies/2021/2/untitled-ontology-11#requirements_management,http://www.w3.org/2000/01/rdf-schema#subClassOf,http://www.semanticweb.org/admin/ontologies/2021/2/untitled-ontology-11#product
http://www.semanticweb.org/admin/ontologies/2021/2/untitled-ontology-11#research,http://www.w3.org/2000/01/rdf-schema#subClassOf,http://www.semanticweb.org/admin/ontologies/2021/2/untitled-ontology-11#soft_skill
http://www.semanticweb.org/admin/ontologies/2021/2/untitled-ontology-11#research_analyst,http://www.w3.org/2000/01/rdf-schema#subClassOf,http://www.semanticweb.org/admin/ontologies/2021/2/untitled-ontology-11#research
http://www.semanticweb.org/admin/ontologies/2021/2/untitled-ontology-11#resource_analyst,http://www.w3.org/2000/01/rdf-schema#subClassOf,http://www.semanticweb.org/admin/ontologies/2021/2/untitled-ontology-11#analytical
http://www.semanticweb.org/admin/ontologies/2021/2/untitled-ontology-11#resource_management,http://www.w3.org/2000/01/rdf-schema#subClassOf,http://www.semanticweb.org/admin/ontologies/2021/2/untitled-ontology-11#management_lead
http://www.semanticweb.org/admin/ontologies/2021/2/untitled-ontology-11#resourcing,http://www.w3.org/2000/01/rdf-schema#subClassOf,http://www.semanticweb.org/admin/ontologies/2021/2/untitled-ontology-11#business_skill
http://www.semanticweb.org/admin/ontologies/2021/2/untitled-ontology-11#rest_api,http://www.w3.org/2000/01/rdf-schema#subClassOf,http://www.semanticweb.org/admin/ontologies/2021/2/untitled-ontology-11#software_engineering
http://www.semanticweb.org/admin/ontologies/2021/2/untitled-ontology-11#rfp,http://www.w3.org/2000/01/rdf-schema#subClassOf,http://www.semanticweb.org/admin/ontologies/2021/2/untitled-ontology-11#document
http://www.semanticweb.org/admin/ontologies/2021/2/untitled-ontology-11#rfq,http://www.w3.org/2000/01/rdf-schema#subClassOf,http://www.semanticweb.org/admin/ontologies/2021/2/untitled-ontology-11#document
http://www.semanticweb.org/admin/ontologies/2021/2/untitled-ontology-11#road_map_creation,http://www.w3.org/2000/01/rdf-schema#subClassOf,http://www.semanticweb.org/admin/ontologies/2021/2/untitled-ontology-11#management_lead
http://www.semanticweb.org/admin/ontologies/2021/2/untitled-ontology-11#roadmap_creation,http://www.w3.org/2000/01/rdf-schema#subClassOf,http://www.semanticweb.org/admin/ontologies/2021/2/untitled-ontology-11#management_lead
http://www.semanticweb.org/admin/ontologies/2021/2/untitled-ontology-11#sales,http://www.w3.org/2000/01/rdf-schema#subClassOf,http://www.semanticweb.org/admin/ontologies/2021/2/untitled-ontology-11#business_skill
http://www.semanticweb.org/admin/ontologies/2021/2/untitled-ontology-11#sales_process,http://www.w3.org/2000/01/rdf-schema#subClassOf,http://www.semanticweb.org/admin/ontologies/2021/2/untitled-ontology-11#business_skill
http://www.semanticweb.org/admin/ontologies/2021/2/untitled-ontology-11#sales_support,http://www.w3.org/2000/01/rdf-schema#subClassOf,http://www.semanticweb.org/admin/ontologies/2021/2/untitled-ontology-11#support
http://www.semanticweb.org/admin/ontologies/2021/2/untitled-ontology-11#salesforce,http://www.w3.org/2000/01/rdf-schema#subClassOf,http://www.semanticweb.org/admin/ontologies/2021/2/untitled-ontology-11#business_skill
http://www.semanticweb.org/admin/ontologies/2021/2/untitled-ontology-11#scheduling,http://www.w3.org/2000/01/rdf-schema#subClassOf,http://www.semanticweb.org/admin/ontologies/2021/2/untitled-ontology-11#soft_skill
http://www.semanticweb.org/admin/ontologies/2021/2/untitled-ontology-11#scope,http://www.w3.org/2000/01/rdf-schema#subClassOf,http://www.semanticweb.org/admin/ontologies/2021/2/untitled-ontology-11#business_skill
http://www.semanticweb.org/admin/ontologies/2021/2/untitled-ontology-11#scripting_languages,http://www.w3.org/2000/01/rdf-schema#subClassOf,http://www.semanticweb.org/admin/ontologies/2021/2/untitled-ontology-11#languages
http://www.semanticweb.org/admin/ontologies/2021/2/untitled-ontology-11#scripting_languages,http://www.w3.org/2000/01/rdf-schema#label,scripting_language,scripting_languages
http://www.semanticweb.org/admin/ontologies/2021/2/untitled-ontology-11#scrum,http://www.w3.org/2000/01/rdf-schema#subClassOf,http://www.semanticweb.org/admin/ontologies/2021/2/untitled-ontology-11#methodologies
http://www.semanticweb.org/admin/ontologies/2021/2/untitled-ontology-11#scrum_master,http://www.w3.org/2000/01/rdf-schema#subClassOf,http://www.semanticweb.org/admin/ontologies/2021/2/untitled-ontology-11#methodologies
http://www.semanticweb.org/admin/ontologies/2021/2/untitled-ontology-11#scrum_methodology,http://www.w3.org/2000/01/rdf-schema#subClassOf,http://www.semanticweb.org/admin/ontologies/2021/2/untitled-ontology-11#methodologies
http://www.semanticweb.org/admin/ontologies/2021/2/untitled-ontology-11#self_learning,http://www.w3.org/2000/01/rdf-schema#subClassOf,http://www.semanticweb.org/admin/ontologies/2021/2/untitled-ontology-11#soft_skill
http://www.semanticweb.org/admin/ontologies/2021/2/untitled-ontology-11#senior_business_analyst,http://www.w3.org/2000/01/rdf-schema#subClassOf,http://www.semanticweb.org/admin/ontologies/2021/2/untitled-ontology-11#experience
http://www.semanticweb.org/admin/ontologies/2021/2/untitled-ontology-11#senior_management,http://www.w3.org/2000/01/rdf-schema#subClassOf,http://www.semanticweb.org/admin/ontologies/2021/2/untitled-ontology-11#experience
http://www.semanticweb.org/admin/ontologies/2021/2/untitled-ontology-11#seo,http://www.w3.org/2000/01/rdf-schema#subClassOf,http://www.semanticweb.org/admin/ontologies/2021/2/untitled-ontology-11#advertisement
http://www.semanticweb.org/admin/ontologies/2021/2/untitled-ontology-11#seo,http://www.w3.org/2000/01/rdf-schema#label,seo
http://www.semanticweb.org/admin/ontologies/2021/2/untitled-ontology-11#sepa,http://www.w3.org/2000/01/rdf-schema#subClassOf,http://www.semanticweb.org/admin/ontologies/2021/2/untitled-ontology-11#business_skill
http://www.semanticweb.org/admin/ontologies/2021/2/untitled-ontology-11#settlements,http://www.w3.org/2000/01/rdf-schema#subClassOf,http://www.semanticweb.org/admin/ontologies/2021/2/untitled-ontology-11#business_skill
http://www.semanticweb.org/admin/ontologies/2021/2/untitled-ontology-11#settlements,http://www.w3.org/2000/01/rdf-schema#label,settlement,settlements
http://www.semanticweb.org/admin/ontologies/2021/2/untitled-ontology-11#social_networking,http://www.w3.org/2000/01/rdf-schema#subClassOf,http://www.semanticweb.org/admin/ontologies/2021/2/untitled-ontology-11#business_skill
http://www.semanticweb.org/admin/ontologies/2021/2/untitled-ontology-11#soft_skill,http://www.w3.org/2000/01/rdf-schema#subClassOf,http://www.semanticweb.org/admin/ontologies/2021/2/untitled-ontology-11#business_analyst
http://www.semanticweb.org/admin/ontologies/2021/2/untitled-ontology-11#software,http://www.w3.org/2000/01/rdf-schema#subClassOf,http://www.semanticweb.org/admin/ontologies/2021/2/untitled-ontology-11#software_engineering
http://www.semanticweb.org/admin/ontologies/2021/2/untitled-ontology-11#software_development,http://www.w3.org/2000/01/rdf-schema#subClassOf,http://www.semanticweb.org/admin/ontologies/2021/2/untitled-ontology-11#software
http://www.semanticweb.org/admin/ontologies/2021/2/untitled-ontology-11#software_development_life_cycle,http://www.w3.org/2000/01/rdf-schema#subClassOf,http://www.semanticweb.org/admin/ontologies/2021/2/untitled-ontology-11#software
http://www.semanticweb.org/admin/ontologies/2021/2/untitled-ontology-11#software_engineering,http://www.w3.org/2000/01/rdf-schema#subClassOf,http://www.semanticweb.org/admin/ontologies/2021/2/untitled-ontology-11#business_analyst
http://www.semanticweb.org/admin/ontologies/2021/2/untitled-ontology-11#software_sales,http://www.w3.org/2000/01/rdf-schema#subClassOf,http://www.semanticweb.org/admin/ontologies/2021/2/untitled-ontology-11#business_skill
http://www.semanticweb.org/admin/ontologies/2021/2/untitled-ontology-11#software_solutions,http://www.w3.org/2000/01/rdf-schema#subClassOf,http://www.semanticweb.org/admin/ontologies/2021/2/untitled-ontology-11#software_engineering
http://www.semanticweb.org/admin/ontologies/2021/2/untitled-ontology-11#software_testing,http://www.w3.org/2000/01/rdf-schema#subClassOf,http://www.semanticweb.org/admin/ontologies/2021/2/untitled-ontology-11#testing
http://www.semanticweb.org/admin/ontologies/2021/2/untitled-ontology-11#solution_design,http://www.w3.org/2000/01/rdf-schema#subClassOf,http://www.semanticweb.org/admin/ontologies/2021/2/untitled-ontology-11#software
http://www.semanticweb.org/admin/ontologies/2021/2/untitled-ontology-11#solution_implementation,http://www.w3.org/2000/01/rdf-schema#subClassOf,http://www.semanticweb.org/admin/ontologies/2021/2/untitled-ontology-11#management_lead
http://www.semanticweb.org/admin/ontologies/2021/2/untitled-ontology-11#specification_guide,http://www.w3.org/2000/01/rdf-schema#subClassOf,http://www.semanticweb.org/admin/ontologies/2021/2/untitled-ontology-11#software_engineering
http://www.semanticweb.org/admin/ontologies/2021/2/untitled-ontology-11#specifications,http://www.w3.org/2000/01/rdf-schema#subClassOf,http://www.semanticweb.org/admin/ontologies/2021/2/untitled-ontology-11#software_engineering
http://www.semanticweb.org/admin/ontologies/2021/2/untitled-ontology-11#sprint,http://www.w3.org/2000/01/rdf-schema#subClassOf,http://www.semanticweb.org/admin/ontologies/2021/2/untitled-ontology-11#methodologies
http://www.semanticweb.org/admin/ontologies/2021/2/untitled-ontology-11#sql,http://www.w3.org/2000/01/rdf-schema#subClassOf,http://www.semanticweb.org/admin/ontologies/2021/2/untitled-ontology-11#database
http://www.semanticweb.org/admin/ontologies/2021/2/untitled-ontology-11#sql.dba,http://www.w3.org/2000/01/rdf-schema#subClassOf,http://www.semanticweb.org/admin/ontologies/2021/2/untitled-ontology-11#sql
http://www.semanticweb.org/admin/ontologies/2021/2/untitled-ontology-11#sql_queries.,http://www.w3.org/2000/01/rdf-schema#subClassOf,http://www.semanticweb.org/admin/ontologies/2021/2/untitled-ontology-11#sql
http://www.semanticweb.org/admin/ontologies/2021/2/untitled-ontology-11#stakeholder_management,http://www.w3.org/2000/01/rdf-schema#subClassOf,http://www.semanticweb.org/admin/ontologies/2021/2/untitled-ontology-11#management_lead
http://www.semanticweb.org/admin/ontologies/2021/2/untitled-ontology-11#stakeholders,http://www.w3.org/2000/01/rdf-schema#subClassOf,http://www.semanticweb.org/admin/ontologies/2021/2/untitled-ontology-11#business_skill
http://www.semanticweb.org/admin/ontologies/2021/2/untitled-ontology-11#strategic_planning,http://www.w3.org/2000/01/rdf-schema#subClassOf,http://www.semanticweb.org/admin/ontologies/2021/2/untitled-ontology-11#business_skill
http://www.semanticweb.org/admin/ontologies/2021/2/untitled-ontology-11#strong_communication_skills,http://www.w3.org/2000/01/rdf-schema#subClassOf,http://www.semanticweb.org/admin/ontologies/2021/2/untitled-ontology-11#soft_skill
http://www.semanticweb.org/admin/ontologies/2021/2/untitled-ontology-11#strong_communication_skills,http://www.w3.org/2000/01/rdf-schema#label,strong_communication_skill,strong_communication_skills
http://www.semanticweb.org/admin/ontologies/2021/2/untitled-ontology-11#structured_notes,http://www.w3.org/2000/01/rdf-schema#subClassOf,http://www.semanticweb.org/admin/ontologies/2021/2/untitled-ontology-11#soft_skill
http://www.semanticweb.org/admin/ontologies/2021/2/untitled-ontology-11#supply_chain.,http://www.w3.org/2000/01/rdf-schema#subClassOf,http://www.semanticweb.org/admin/ontologies/2021/2/untitled-ontology-11#business_skill
http://www.semanticweb.org/admin/ontologies/2021/2/untitled-ontology-11#support,http://www.w3.org/2000/01/rdf-schema#subClassOf,http://www.semanticweb.org/admin/ontologies/2021/2/untitled-ontology-11#business_skill
http://www.semanticweb.org/admin/ontologies/2021/2/untitled-ontology-11#swift,http://www.w3.org/2000/01/rdf-schema#subClassOf,http://www.semanticweb.org/admin/ontologies/2021/2/untitled-ontology-11#business_skill
http://www.semanticweb.org/admin/ontologies/2021/2/untitled-ontology-11#swift_payments,http://www.w3.org/2000/01/rdf-schema#subClassOf,http://www.semanticweb.org/admin/ontologies/2021/2/untitled-ontology-11#business_skill
http://www.semanticweb.org/admin/ontologies/2021/2/untitled-ontology-11#system_architecture,http://www.w3.org/2000/01/rdf-schema#subClassOf,http://www.semanticweb.org/admin/ontologies/2021/2/untitled-ontology-11#architects
http://www.semanticweb.org/admin/ontologies/2021/2/untitled-ontology-11#tableau,http://www.w3.org/2000/01/rdf-schema#subClassOf,http://www.semanticweb.org/admin/ontologies/2021/2/untitled-ontology-11#tool
http://www.semanticweb.org/admin/ontologies/2021/2/untitled-ontology-11#target_achievement,http://www.w3.org/2000/01/rdf-schema#subClassOf,http://www.semanticweb.org/admin/ontologies/2021/2/untitled-ontology-11#management_lead
http://www.semanticweb.org/admin/ontologies/2021/2/untitled-ontology-11#team_development,http://www.w3.org/2000/01/rdf-schema#subClassOf,http://www.semanticweb.org/admin/ontologies/2021/2/untitled-ontology-11#management_lead
http://www.semanticweb.org/admin/ontologies/2021/2/untitled-ontology-11#team_management,http://www.w3.org/2000/01/rdf-schema#subClassOf,http://www.semanticweb.org/admin/ontologies/2021/2/untitled-ontology-11#management_lead
http://www.semanticweb.org/admin/ontologies/2021/2/untitled-ontology-11#technical_ba,http://www.w3.org/2000/01/rdf-schema#subClassOf,http://www.semanticweb.org/admin/ontologies/2021/2/untitled-ontology-11#software_engineering
http://www.semanticweb.org/admin/ontologies/2021/2/untitled-ontology-11#technical_design_documentation,http://www.w3.org/2000/01/rdf-schema#subClassOf,http://www.semanticweb.org/admin/ontologies/2021/2/untitled-ontology-11#software_engineering
http://www.semanticweb.org/admin/ontologies/2021/2/untitled-ontology-11#technical_documentation,http://www.w3.org/2000/01/rdf-schema#subClassOf,http://www.semanticweb.org/admin/ontologies/2021/2/untitled-ontology-11#soft_skill
http://www.semanticweb.org/admin/ontologies/2021/2/untitled-ontology-11#technical_writing,http://www.w3.org/2000/01/rdf-schema#subClassOf,http://www.semanticweb.org/admin/ontologies/2021/2/untitled-ontology-11#soft_skill
http://www.semanticweb.org/admin/ontologies/2021/2/untitled-ontology-11#techno_functional,http://www.w3.org/2000/01/rdf-schema#subClassOf,http://www.semanticweb.org/admin/ontologies/2021/2/untitled-ontology-11#software_engineering
http://www.semanticweb.org/admin/ontologies/2021/2/untitled-ontology-11#test_case_review,http://www.w3.org/2000/01/rdf-schema#subClassOf,http://www.semanticweb.org/admin/ontologies/2021/2/untitled-ontology-11#testing
http://www.semanticweb.org/admin/ontologies/2021/2/untitled-ontology-11#test_cases,http://www.w3.org/2000/01/rdf-schema#subClassOf,http://www.semanticweb.org/admin/ontologies/2021/2/untitled-ontology-11#testing
http://www.semanticweb.org/admin/ontologies/2021/2/untitled-ontology-11#test_management,http://www.w3.org/2000/01/rdf-schema#subClassOf,http://www.semanticweb.org/admin/ontologies/2021/2/untitled-ontology-11#management_lead
http://www.semanticweb.org/admin/ontologies/2021/2/untitled-ontology-11#test_plan,http://www.w3.org/2000/01/rdf-schema#subClassOf,http://www.semanticweb.org/admin/ontologies/2021/2/untitled-ontology-11#testing
http://www.semanticweb.org/admin/ontologies/2021/2/untitled-ontology-11#test_planning,http://www.w3.org/2000/01/rdf-schema#subClassOf,http://www.semanticweb.org/admin/ontologies/2021/2/untitled-ontology-11#testing
http://www.semanticweb.org/admin/ontologies/2021/2/untitled-ontology-11#test_scenarios,http://www.w3.org/2000/01/rdf-schema#subClassOf,http://www.semanticweb.org/admin/ontologies/2021/2/untitled-ontology-11#testing
http://www.semanticweb.org/admin/ontologies/2021/2/untitled-ontology-11#test_scripts,http://www.w3.org/2000/01/rdf-schema#subClassOf,http://www.semanticweb.org/admin/ontologies/2021/2/untitled-ontology-11#testing
http://www.semanticweb.org/admin/ontologies/2021/2/untitled-ontology-11#testing,http://www.w3.org/2000/01/rdf-schema#subClassOf,http://www.semanticweb.org/admin/ontologies/2021/2/untitled-ontology-11#business_analyst
http://www.semanticweb.org/admin/ontologies/2021/2/untitled-ontology-11#testing_process,http://www.w3.org/2000/01/rdf-schema#subClassOf,http://www.semanticweb.org/admin/ontologies/2021/2/untitled-ontology-11#testing
http://www.semanticweb.org/admin/ontologies/2021/2/untitled-ontology-11#tool,http://www.w3.org/2000/01/rdf-schema#subClassOf,http://www.semanticweb.org/admin/ontologies/2021/2/untitled-ontology-11#business_analyst
http://www.semanticweb.org/admin/ontologies/2021/2/untitled-ontology-11#traceability_matrix,http://www.w3.org/2000/01/rdf-schema#subClassOf,http://www.semanticweb.org/admin/ontologies/2021/2/untitled-ontology-11#software_engineering
http://www.semanticweb.org/admin/ontologies/2021/2/untitled-ontology-11#tradding,http://www.w3.org/2000/01/rdf-schema#subClassOf,http://www.semanticweb.org/admin/ontologies/2021/2/untitled-ontology-11#business
http://www.semanticweb.org/admin/ontologies/2021/2/untitled-ontology-11#trade_life_cycle,http://www.w3.org/2000/01/rdf-schema#subClassOf,http://www.semanticweb.org/admin/ontologies/2021/2/untitled-ontology-11#business
http://www.semanticweb.org/admin/ontologies/2021/2/untitled-ontology-11#trading_application,http://www.w3.org/2000/01/rdf-schema#subClassOf,http://www.semanticweb.org/admin/ontologies/2021/2/untitled-ontology-11#software_engineering
http://www.semanticweb.org/admin/ontologies/2021/2/untitled-ontology-11#trading_systems,http://www.w3.org/2000/01/rdf-schema#subClassOf,http://www.semanticweb.org/admin/ontologies/2021/2/untitled-ontology-11#tradding
http://www.semanticweb.org/admin/ontologies/2021/2/untitled-ontology-11#training,http://www.w3.org/2000/01/rdf-schema#subClassOf,http://www.semanticweb.org/admin/ontologies/2021/2/untitled-ontology-11#HR
http://www.semanticweb.org/admin/ontologies/2021/2/untitled-ontology-11#transition,http://www.w3.org/2000/01/rdf-schema#subClassOf,http://www.semanticweb.org/admin/ontologies/2021/2/untitled-ontology-11#management_lead
http://www.semanticweb.org/admin/ontologies/2021/2/untitled-ontology-11#translation,http://www.w3.org/2000/01/rdf-schema#subClassOf,http://www.semanticweb.org/admin/ontologies/2021/2/untitled-ontology-11#soft_skill
http://www.semanticweb.org/admin/ontologies/2021/2/untitled-ontology-11#uat_test,http://www.w3.org/2000/01/rdf-schema#subClassOf,http://www.semanticweb.org/admin/ontologies/2021/2/untitled-ontology-11#testing
http://www.semanticweb.org/admin/ontologies/2021/2/untitled-ontology-11#uk_payments,http://www.w3.org/2000/01/rdf-schema#subClassOf,http://www.semanticweb.org/admin/ontologies/2021/2/untitled-ontology-11#business_skill
http://www.semanticweb.org/admin/ontologies/2021/2/untitled-ontology-11#uk_payments,http://www.w3.org/2000/01/rdf-schema#label,uk_payment,uk_payments
http://www.semanticweb.org/admin/ontologies/2021/2/untitled-ontology-11#uml,http://www.w3.org/2000/01/rdf-schema#subClassOf,http://www.semanticweb.org/admin/ontologies/2021/2/untitled-ontology-11#software
http://www.semanticweb.org/admin/ontologies/2021/2/untitled-ontology-11#unit_testing,http://www.w3.org/2000/01/rdf-schema#subClassOf,http://www.semanticweb.org/admin/ontologies/2021/2/untitled-ontology-11#testing
http://www.semanticweb.org/admin/ontologies/2021/2/untitled-ontology-11#unix,http://www.w3.org/2000/01/rdf-schema#subClassOf,http://www.semanticweb.org/admin/ontologies/2021/2/untitled-ontology-11#Operating_System
http://www.semanticweb.org/admin/ontologies/2021/2/untitled-ontology-11#use_case_and_user_stories,http://www.w3.org/2000/01/rdf-schema#subClassOf,http://www.semanticweb.org/admin/ontologies/2021/2/untitled-ontology-11#software
http://www.semanticweb.org/admin/ontologies/2021/2/untitled-ontology-11#use_case_and_user_stories,http://www.w3.org/2000/01/rdf-schema#label,use_case_and_user_stories,use_case_and_user_story
http://www.semanticweb.org/admin/ontologies/2021/2/untitled-ontology-11#use_cases,http://www.w3.org/2000/01/rdf-schema#subClassOf,http://www.semanticweb.org/admin/ontologies/2021/2/untitled-ontology-11#software
http://www.semanticweb.org/admin/ontologies/2021/2/untitled-ontology-11#use_cases,http://www.w3.org/2000/01/rdf-schema#label,use_case,use_cases
http://www.semanticweb.org/admin/ontologies/2021/2/untitled-ontology-11#user_acceptance,http://www.w3.org/2000/01/rdf-schema#subClassOf,http://www.semanticweb.org/admin/ontologies/2021/2/untitled-ontology-11#client
http://www.semanticweb.org/admin/ontologies/2021/2/untitled-ontology-11#user_acceptance_testing,http://www.w3.org/2000/01/rdf-schema#subClassOf,http://www.semanticweb.org/admin/ontologies/2021/2/untitled-ontology-11#testing
http://www.semanticweb.org/admin/ontologies/2021/2/untitled-ontology-11#user_administration,http://www.w3.org/2000/01/rdf-schema#subClassOf,http://www.semanticweb.org/admin/ontologies/2021/2/untitled-ontology-11#software_engineering
http://www.semanticweb.org/admin/ontologies/2021/2/untitled-ontology-11#user_documentation,http://www.w3.org/2000/01/rdf-schema#subClassOf,http://www.semanticweb.org/admin/ontologies/2021/2/untitled-ontology-11#client
http://www.semanticweb.org/admin/ontologies/2021/2/untitled-ontology-11#user_experience,http://www.w3.org/2000/01/rdf-schema#subClassOf,http://www.semanticweb.org/admin/ontologies/2021/2/untitled-ontology-11#business_skill
http://www.semanticweb.org/admin/ontologies/2021/2/untitled-ontology-11#user_manuals,http://www.w3.org/2000/01/rdf-schema#subClassOf,http://www.semanticweb.org/admin/ontologies/2021/2/untitled-ontology-11#business_skill
http://www.semanticweb.org/admin/ontologies/2021/2/untitled-ontology-11#user_story,http://www.w3.org/2000/01/rdf-schema#subClassOf,http://www.semanticweb.org/admin/ontologies/2021/2/untitled-ontology-11#software_engineering
http://www.semanticweb.org/admin/ontologies/2021/2/untitled-ontology-11#ux,http://www.w3.org/2000/01/rdf-schema#subClassOf,http://www.semanticweb.org/admin/ontologies/2021/2/untitled-ontology-11#software_engineering
http://www.semanticweb.org/admin/ontologies/2021/2/untitled-ontology-11#verbal_communication,http://www.w3.org/2000/01/rdf-schema#subClassOf,http://www.semanticweb.org/admin/ontologies/2021/2/untitled-ontology-11#soft_skill
http://www.semanticweb.org/admin/ontologies/2021/2/untitled-ontology-11#waterfall,http://www.w3.org/2000/01/rdf-schema#subClassOf,http://www.semanticweb.org/admin/ontologies/2021/2/untitled-ontology-11#methodologies
http://www.semanticweb.org/admin/ontologies/2021/2/untitled-ontology-11#web_application,http://www.w3.org/2000/01/rdf-schema#subClassOf,http://www.semanticweb.org/admin/ontologies/2021/2/untitled-ontology-11#software_engineering
http://www.semanticweb.org/admin/ontologies/2021/2/untitled-ontology-11#web_product,http://www.w3.org/2000/01/rdf-schema#subClassOf,http://www.semanticweb.org/admin/ontologies/2021/2/untitled-ontology-11#product_type
http://www.semanticweb.org/admin/ontologies/2021/2/untitled-ontology-11#windows,http://www.w3.org/2000/01/rdf-schema#subClassOf,http://www.semanticweb.org/admin/ontologies/2021/2/untitled-ontology-11#Operating_System
http://www.semanticweb.org/admin/ontologies/2021/2/untitled-ontology-11#windows,http://www.w3.org/2000/01/rdf-schema#label,window,windows
http://www.semanticweb.org/admin/ontologies/2021/2/untitled-ontology-11#wireframe,http://www.w3.org/2000/01/rdf-schema#subClassOf,http://www.semanticweb.org/admin/ontologies/2021/2/untitled-ontology-11#experience
http://www.semanticweb.org/admin/ontologies/2021/2/untitled-ontology-11#workflow,http://www.w3.org/2000/01/rdf-schema#subClassOf,http://www.semanticweb.org/admin/ontologies/2021/2/untitled-ontology-11#soft_skill
http://www.semanticweb.org/admin/ontologies/2021/2/untitled-ontology-11#workflow_management,http://www.w3.org/2000/01/rdf-schema#subClassOf,http://www.semanticweb.org/admin/ontologies/2021/2/untitled-ontology-11#management_lead
http://www.semanticweb.org/admin/ontologies/2021/2/untitled-ontology-11#writing_skills,http://www.w3.org/2000/01/rdf-schema#subClassOf,http://www.semanticweb.org/admin/ontologies/2021/2/untitled-ontology-11#soft_skill
http://www.semanticweb.org/admin/ontologies/2021/2/untitled-ontology-11#writing_skills,http://www.w3.org/2000/01/rdf-schema#label,writing_skill,writing_skills
http://www.semanticweb.org/admin/ontologies/2021/2/untitled-ontology-11#writing_test_cases,http://www.w3.org/2000/01/rdf-schema#subClassOf,http://www.semanticweb.org/admin/ontologies/2021/2/untitled-ontology-11#testing
http://www.semanticweb.org/admin/ontologies/2021/2/untitled-ontology-11#written_communication,http://www.w3.org/2000/01/rdf-schema#subClassOf,http://www.semanticweb.org/admin/ontologies/2021/2/untitled-ontology-11#soft_skill
http://www.semanticweb.org/admin/ontologies/2021/2/untitled-ontology-11#.net,http://www.w3.org/2000/01/rdf-schema#subClassOf,http://www.semanticweb.org/admin/ontologies/2021/2/untitled-ontology-11#languages
