subject,predicate,object,
http://www.semanticweb.org/lqtpl/ontologies/2021/2/general-ontology#Databases,http://www.w3.org/2000/01/rdf-schema#subClassOf,http://www.semanticweb.org/ad/ontologies/2021/0/AIEngineer-ontology#AI_Engineer,
http://www.semanticweb.org/lqtpl/ontologies/2021/2/general-ontology#Mongo,http://www.w3.org/2000/01/rdf-schema#subClassOf,http://www.semanticweb.org/lqtpl/ontologies/2021/2/general-ontology#Databases,
http://www.semanticweb.org/lqtpl/ontologies/2021/2/general-ontology#ODM,http://www.w3.org/2000/01/rdf-schema#subClassOf,http://www.semanticweb.org/lqtpl/ontologies/2021/2/general-ontology#Databases,
http://www.semanticweb.org/lqtpl/ontologies/2021/2/general-ontology#ORM,http://www.w3.org/2000/01/rdf-schema#subClassOf,http://www.semanticweb.org/lqtpl/ontologies/2021/2/general-ontology#Databases,
http://www.semanticweb.org/lqtpl/ontologies/2021/2/general-ontology#PostgreSQL,http://www.w3.org/2000/01/rdf-schema#subClassOf,http://www.semanticweb.org/lqtpl/ontologies/2021/2/general-ontology#Databases,
http://www.semanticweb.org/lqtpl/ontologies/2021/2/general-ontology#amazon_athena,http://www.w3.org/2000/01/rdf-schema#subClassOf,http://www.semanticweb.org/lqtpl/ontologies/2021/2/general-ontology#aws,
http://www.semanticweb.org/lqtpl/ontologies/2021/2/general-ontology#amazon_aurora,http://www.w3.org/2000/01/rdf-schema#subClassOf,http://www.semanticweb.org/lqtpl/ontologies/2021/2/general-ontology#aws,
http://www.semanticweb.org/lqtpl/ontologies/2021/2/general-ontology#amazon_dynamodb,http://www.w3.org/2000/01/rdf-schema#subClassOf,http://www.semanticweb.org/lqtpl/ontologies/2021/2/general-ontology#aws,
http://www.semanticweb.org/lqtpl/ontologies/2021/2/general-ontology#amazon_ebs,http://www.w3.org/2000/01/rdf-schema#subClassOf,http://www.semanticweb.org/lqtpl/ontologies/2021/2/general-ontology#aws,
http://www.semanticweb.org/lqtpl/ontologies/2021/2/general-ontology#amazon_elasticache,http://www.w3.org/2000/01/rdf-schema#subClassOf,http://www.semanticweb.org/lqtpl/ontologies/2021/2/general-ontology#aws,
http://www.semanticweb.org/lqtpl/ontologies/2021/2/general-ontology#amazon_emr,http://www.w3.org/2000/01/rdf-schema#subClassOf,http://www.semanticweb.org/lqtpl/ontologies/2021/2/general-ontology#aws,
http://www.semanticweb.org/lqtpl/ontologies/2021/2/general-ontology#amazon_rds,http://www.w3.org/2000/01/rdf-schema#subClassOf,http://www.semanticweb.org/lqtpl/ontologies/2021/2/general-ontology#aws,
http://www.semanticweb.org/lqtpl/ontologies/2021/2/general-ontology#amazon_redshift,http://www.w3.org/2000/01/rdf-schema#subClassOf,http://www.semanticweb.org/lqtpl/ontologies/2021/2/general-ontology#aws,
http://www.semanticweb.org/lqtpl/ontologies/2021/2/general-ontology#amazon_s3,http://www.w3.org/2000/01/rdf-schema#subClassOf,http://www.semanticweb.org/lqtpl/ontologies/2021/2/general-ontology#aws,
http://www.semanticweb.org/lqtpl/ontologies/2021/2/general-ontology#amazon_sqs,http://www.w3.org/2000/01/rdf-schema#subClassOf,http://www.semanticweb.org/lqtpl/ontologies/2021/2/general-ontology#aws,
http://www.semanticweb.org/lqtpl/ontologies/2021/2/general-ontology#arangodb,http://www.w3.org/2000/01/rdf-schema#subClassOf,http://www.semanticweb.org/lqtpl/ontologies/2021/2/general-ontology#Databases,
http://www.semanticweb.org/lqtpl/ontologies/2021/2/general-ontology#aws,http://www.w3.org/2000/01/rdf-schema#subClassOf,http://www.semanticweb.org/lqtpl/ontologies/2021/2/general-ontology#Databases,
http://www.semanticweb.org/lqtpl/ontologies/2021/2/general-ontology#aws_glue,http://www.w3.org/2000/01/rdf-schema#subClassOf,http://www.semanticweb.org/lqtpl/ontologies/2021/2/general-ontology#aws,
http://www.semanticweb.org/lqtpl/ontologies/2021/2/general-ontology#azure_cosmos_db,http://www.w3.org/2000/01/rdf-schema#subClassOf,http://www.semanticweb.org/lqtpl/ontologies/2021/2/general-ontology#azure_storage,
http://www.semanticweb.org/lqtpl/ontologies/2021/2/general-ontology#azure_data_factory,http://www.w3.org/2000/01/rdf-schema#subClassOf,http://www.semanticweb.org/lqtpl/ontologies/2021/2/general-ontology#azure_storage,
http://www.semanticweb.org/lqtpl/ontologies/2021/2/general-ontology#azure_service_bus,http://www.w3.org/2000/01/rdf-schema#subClassOf,http://www.semanticweb.org/lqtpl/ontologies/2021/2/general-ontology#azure_storage,
http://www.semanticweb.org/lqtpl/ontologies/2021/2/general-ontology#azure_sql_database,http://www.w3.org/2000/01/rdf-schema#subClassOf,http://www.semanticweb.org/lqtpl/ontologies/2021/2/general-ontology#azure_storage,
http://www.semanticweb.org/lqtpl/ontologies/2021/2/general-ontology#azure_storage,http://www.w3.org/2000/01/rdf-schema#subClassOf,http://www.semanticweb.org/lqtpl/ontologies/2021/2/general-ontology#Databases,
http://www.semanticweb.org/lqtpl/ontologies/2021/2/general-ontology#cassandra,http://www.w3.org/2000/01/rdf-schema#subClassOf,http://www.semanticweb.org/lqtpl/ontologies/2021/2/general-ontology#Databases,
http://www.semanticweb.org/lqtpl/ontologies/2021/2/general-ontology#cleardb,http://www.w3.org/2000/01/rdf-schema#subClassOf,http://www.semanticweb.org/lqtpl/ontologies/2021/2/general-ontology#Databases,
http://www.semanticweb.org/lqtpl/ontologies/2021/2/general-ontology#cockroachdb,http://www.w3.org/2000/01/rdf-schema#subClassOf,http://www.semanticweb.org/lqtpl/ontologies/2021/2/general-ontology#Databases,
http://www.semanticweb.org/lqtpl/ontologies/2021/2/general-ontology#couchbase,http://www.w3.org/2000/01/rdf-schema#subClassOf,http://www.semanticweb.org/lqtpl/ontologies/2021/2/general-ontology#Databases,
http://www.semanticweb.org/lqtpl/ontologies/2021/2/general-ontology#couchdb,http://www.w3.org/2000/01/rdf-schema#subClassOf,http://www.semanticweb.org/lqtpl/ontologies/2021/2/general-ontology#Databases,
http://www.semanticweb.org/lqtpl/ontologies/2021/2/general-ontology#dgraph,http://www.w3.org/2000/01/rdf-schema#subClassOf,http://www.semanticweb.org/lqtpl/ontologies/2021/2/general-ontology#graph_db,
http://www.semanticweb.org/lqtpl/ontologies/2021/2/general-ontology#dinamodb,http://www.w3.org/2000/01/rdf-schema#subClassOf,http://www.semanticweb.org/lqtpl/ontologies/2021/2/general-ontology#Databases,
http://www.semanticweb.org/lqtpl/ontologies/2021/2/general-ontology#doctrine2,http://www.w3.org/2000/01/rdf-schema#subClassOf,http://www.semanticweb.org/lqtpl/ontologies/2021/2/general-ontology#ORM,
http://www.semanticweb.org/lqtpl/ontologies/2021/2/general-ontology#entity_framework,http://www.w3.org/2000/01/rdf-schema#subClassOf,http://www.semanticweb.org/lqtpl/ontologies/2021/2/general-ontology#ORM,
http://www.semanticweb.org/lqtpl/ontologies/2021/2/general-ontology#entity_framework_core,http://www.w3.org/2000/01/rdf-schema#subClassOf,http://www.semanticweb.org/lqtpl/ontologies/2021/2/general-ontology#ORM,
http://www.semanticweb.org/lqtpl/ontologies/2021/2/general-ontology#firebase_realtime_database,http://www.w3.org/2000/01/rdf-schema#subClassOf,http://www.semanticweb.org/lqtpl/ontologies/2021/2/general-ontology#Databases,
http://www.semanticweb.org/lqtpl/ontologies/2021/2/general-ontology#flink,http://www.w3.org/2000/01/rdf-schema#subClassOf,http://www.semanticweb.org/lqtpl/ontologies/2021/2/general-ontology#Databases,
http://www.semanticweb.org/lqtpl/ontologies/2021/2/general-ontology#google_bigquery,http://www.w3.org/2000/01/rdf-schema#subClassOf,http://www.semanticweb.org/lqtpl/ontologies/2021/2/general-ontology#google_cloud,
http://www.semanticweb.org/lqtpl/ontologies/2021/2/general-ontology#google_cloud,http://www.w3.org/2000/01/rdf-schema#subClassOf,http://www.semanticweb.org/lqtpl/ontologies/2021/2/general-ontology#Databases,
http://www.semanticweb.org/lqtpl/ontologies/2021/2/general-ontology#google_cloud_bigtable,http://www.w3.org/2000/01/rdf-schema#subClassOf,http://www.semanticweb.org/lqtpl/ontologies/2021/2/general-ontology#google_cloud,
http://www.semanticweb.org/lqtpl/ontologies/2021/2/general-ontology#google_cloud_firestore,http://www.w3.org/2000/01/rdf-schema#subClassOf,http://www.semanticweb.org/lqtpl/ontologies/2021/2/general-ontology#google_cloud,
http://www.semanticweb.org/lqtpl/ontologies/2021/2/general-ontology#google_cloud_memorystore,http://www.w3.org/2000/01/rdf-schema#subClassOf,http://www.semanticweb.org/lqtpl/ontologies/2021/2/general-ontology#google_cloud,
http://www.semanticweb.org/lqtpl/ontologies/2021/2/general-ontology#google_cloud_sql,http://www.w3.org/2000/01/rdf-schema#subClassOf,http://www.semanticweb.org/lqtpl/ontologies/2021/2/general-ontology#google_cloud,
http://www.semanticweb.org/lqtpl/ontologies/2021/2/general-ontology#google_cloud_storage,http://www.w3.org/2000/01/rdf-schema#subClassOf,http://www.semanticweb.org/lqtpl/ontologies/2021/2/general-ontology#google_cloud,
http://www.semanticweb.org/lqtpl/ontologies/2021/2/general-ontology#graph_db,http://www.w3.org/2000/01/rdf-schema#subClassOf,http://www.semanticweb.org/lqtpl/ontologies/2021/2/general-ontology#Databases,
http://www.semanticweb.org/lqtpl/ontologies/2021/2/general-ontology#heroku_postgres,http://www.w3.org/2000/01/rdf-schema#subClassOf,http://www.semanticweb.org/lqtpl/ontologies/2021/2/general-ontology#Databases,
http://www.semanticweb.org/lqtpl/ontologies/2021/2/general-ontology#hibernate,http://www.w3.org/2000/01/rdf-schema#subClassOf,http://www.semanticweb.org/lqtpl/ontologies/2021/2/general-ontology#ORM,
http://www.semanticweb.org/lqtpl/ontologies/2021/2/general-ontology#hive,http://www.w3.org/2000/01/rdf-schema#subClassOf,http://www.semanticweb.org/lqtpl/ontologies/2021/2/general-ontology#Databases,
http://www.semanticweb.org/lqtpl/ontologies/2021/2/general-ontology#kafka,http://www.w3.org/2000/01/rdf-schema#subClassOf,http://www.semanticweb.org/lqtpl/ontologies/2021/2/general-ontology#Databases,
http://www.semanticweb.org/lqtpl/ontologies/2021/2/general-ontology#leveldb,http://www.w3.org/2000/01/rdf-schema#subClassOf,http://www.semanticweb.org/lqtpl/ontologies/2021/2/general-ontology#Databases,
http://www.semanticweb.org/lqtpl/ontologies/2021/2/general-ontology#linq,http://www.w3.org/2000/01/rdf-schema#subClassOf,http://www.semanticweb.org/lqtpl/ontologies/2021/2/general-ontology#ORM,
http://www.semanticweb.org/lqtpl/ontologies/2021/2/general-ontology#mariadb,http://www.w3.org/2000/01/rdf-schema#subClassOf,http://www.semanticweb.org/lqtpl/ontologies/2021/2/general-ontology#Databases,
http://www.semanticweb.org/lqtpl/ontologies/2021/2/general-ontology#memcached,http://www.w3.org/2000/01/rdf-schema#subClassOf,http://www.semanticweb.org/lqtpl/ontologies/2021/2/general-ontology#Databases,
http://www.semanticweb.org/lqtpl/ontologies/2021/2/general-ontology#memcachier,http://www.w3.org/2000/01/rdf-schema#subClassOf,http://www.semanticweb.org/lqtpl/ontologies/2021/2/general-ontology#Databases,
http://www.semanticweb.org/lqtpl/ontologies/2021/2/general-ontology#memsql,http://www.w3.org/2000/01/rdf-schema#subClassOf,http://www.semanticweb.org/lqtpl/ontologies/2021/2/general-ontology#Databases,
http://www.semanticweb.org/lqtpl/ontologies/2021/2/general-ontology#microsoft_sql_server,http://www.w3.org/2000/01/rdf-schema#subClassOf,http://www.semanticweb.org/lqtpl/ontologies/2021/2/general-ontology#Databases,
http://www.semanticweb.org/lqtpl/ontologies/2021/2/general-ontology#mongodb_atlas,http://www.w3.org/2000/01/rdf-schema#subClassOf,http://www.semanticweb.org/lqtpl/ontologies/2021/2/general-ontology#Mongo,
http://www.semanticweb.org/lqtpl/ontologies/2021/2/general-ontology#mongoose,http://www.w3.org/2000/01/rdf-schema#subClassOf,http://www.semanticweb.org/lqtpl/ontologies/2021/2/general-ontology#ODM,
http://www.semanticweb.org/lqtpl/ontologies/2021/2/general-ontology#mssql,http://www.w3.org/2000/01/rdf-schema#subClassOf,http://www.semanticweb.org/lqtpl/ontologies/2021/2/general-ontology#sql,
http://www.semanticweb.org/lqtpl/ontologies/2021/2/general-ontology#mysql,http://www.w3.org/2000/01/rdf-schema#subClassOf,http://www.semanticweb.org/lqtpl/ontologies/2021/2/general-ontology#Databases,
http://www.semanticweb.org/lqtpl/ontologies/2021/2/general-ontology#mysql_workbench,http://www.w3.org/2000/01/rdf-schema#subClassOf,http://www.semanticweb.org/lqtpl/ontologies/2021/2/general-ontology#mysql,
http://www.semanticweb.org/lqtpl/ontologies/2021/2/general-ontology#neo4j,http://www.w3.org/2000/01/rdf-schema#subClassOf,http://www.semanticweb.org/lqtpl/ontologies/2021/2/general-ontology#graph_db,
http://www.semanticweb.org/lqtpl/ontologies/2021/2/general-ontology#nosql,http://www.w3.org/2000/01/rdf-schema#subClassOf,http://www.semanticweb.org/lqtpl/ontologies/2021/2/general-ontology#Databases,
http://www.semanticweb.org/lqtpl/ontologies/2021/2/general-ontology#oracle,http://www.w3.org/2000/01/rdf-schema#subClassOf,http://www.semanticweb.org/lqtpl/ontologies/2021/2/general-ontology#Databases,
http://www.semanticweb.org/lqtpl/ontologies/2021/2/general-ontology#postgis,http://www.w3.org/2000/01/rdf-schema#subClassOf,http://www.semanticweb.org/lqtpl/ontologies/2021/2/general-ontology#Databases,
http://www.semanticweb.org/lqtpl/ontologies/2021/2/general-ontology#pouchdb,http://www.w3.org/2000/01/rdf-schema#subClassOf,http://www.semanticweb.org/lqtpl/ontologies/2021/2/general-ontology#Databases,
http://www.semanticweb.org/lqtpl/ontologies/2021/2/general-ontology#rabbitmq,http://www.w3.org/2000/01/rdf-schema#subClassOf,http://www.semanticweb.org/lqtpl/ontologies/2021/2/general-ontology#Databases,
http://www.semanticweb.org/lqtpl/ontologies/2021/2/general-ontology#ravendb,http://www.w3.org/2000/01/rdf-schema#subClassOf,http://www.semanticweb.org/lqtpl/ontologies/2021/2/general-ontology#Databases,
http://www.semanticweb.org/lqtpl/ontologies/2021/2/general-ontology#redis,http://www.w3.org/2000/01/rdf-schema#subClassOf,http://www.semanticweb.org/lqtpl/ontologies/2021/2/general-ontology#Databases,
http://www.semanticweb.org/lqtpl/ontologies/2021/2/general-ontology#rethinkdb,http://www.w3.org/2000/01/rdf-schema#subClassOf,http://www.semanticweb.org/lqtpl/ontologies/2021/2/general-ontology#Databases,
http://www.semanticweb.org/lqtpl/ontologies/2021/2/general-ontology#sequelize,http://www.w3.org/2000/01/rdf-schema#subClassOf,http://www.semanticweb.org/lqtpl/ontologies/2021/2/general-ontology#ORM,
http://www.semanticweb.org/lqtpl/ontologies/2021/2/general-ontology#sidekiq,http://www.w3.org/2000/01/rdf-schema#subClassOf,http://www.semanticweb.org/lqtpl/ontologies/2021/2/general-ontology#Databases,
http://www.semanticweb.org/lqtpl/ontologies/2021/2/general-ontology#snowflake,http://www.w3.org/2000/01/rdf-schema#subClassOf,http://www.semanticweb.org/lqtpl/ontologies/2021/2/general-ontology#Databases,
http://www.semanticweb.org/lqtpl/ontologies/2021/2/general-ontology#spark,http://www.w3.org/2000/01/rdf-schema#subClassOf,http://www.semanticweb.org/lqtpl/ontologies/2021/2/general-ontology#Databases,
http://www.semanticweb.org/lqtpl/ontologies/2021/2/general-ontology#splunk,http://www.w3.org/2000/01/rdf-schema#subClassOf,http://www.semanticweb.org/lqtpl/ontologies/2021/2/general-ontology#Databases,
http://www.semanticweb.org/lqtpl/ontologies/2021/2/general-ontology#sql,http://www.w3.org/2000/01/rdf-schema#subClassOf,http://www.semanticweb.org/lqtpl/ontologies/2021/2/general-ontology#Databases,
http://www.semanticweb.org/lqtpl/ontologies/2021/2/general-ontology#sqlalchemy,http://www.w3.org/2000/01/rdf-schema#subClassOf,http://www.semanticweb.org/lqtpl/ontologies/2021/2/general-ontology#ORM,
http://www.semanticweb.org/lqtpl/ontologies/2021/2/general-ontology#sqlite,http://www.w3.org/2000/01/rdf-schema#subClassOf,http://www.semanticweb.org/lqtpl/ontologies/2021/2/general-ontology#Databases,
http://www.semanticweb.org/lqtpl/ontologies/2021/2/general-ontology#timescaledb,http://www.w3.org/2000/01/rdf-schema#subClassOf,http://www.semanticweb.org/lqtpl/ontologies/2021/2/general-ontology#Databases,
http://www.semanticweb.org/ad/ontologies/2020/11/fullstack-ontology#hadoop,http://www.w3.org/2000/01/rdf-schema#subClassOf,http://www.semanticweb.org/lqtpl/ontologies/2021/2/general-ontology#Databases,
http://www.semanticweb.org/ad/ontologies/2021/0/AIEngineer-ontology#Agglomerative,http://www.w3.org/2000/01/rdf-schema#subClassOf,http://www.semanticweb.org/ad/ontologies/2021/0/AIEngineer-ontology#Clustering,
http://www.semanticweb.org/ad/ontologies/2021/0/AIEngineer-ontology#Apriori_Algorithm,http://www.w3.org/2000/01/rdf-schema#subClassOf,http://www.semanticweb.org/ad/ontologies/2021/0/AIEngineer-ontology#Assocaition_Rule_Learning,
http://www.semanticweb.org/ad/ontologies/2021/0/AIEngineer-ontology#Assocaition_Rule_Learning,http://www.w3.org/2000/01/rdf-schema#subClassOf,http://www.semanticweb.org/ad/ontologies/2021/0/AIEngineer-ontology#Unsupervised_Learning,
http://www.semanticweb.org/ad/ontologies/2021/0/AIEngineer-ontology#Bagging,http://www.w3.org/2000/01/rdf-schema#subClassOf,http://www.semanticweb.org/ad/ontologies/2021/0/AIEngineer-ontology#Ensemble_Learning,
http://www.semanticweb.org/ad/ontologies/2021/0/AIEngineer-ontology#Boosting,http://www.w3.org/2000/01/rdf-schema#subClassOf,http://www.semanticweb.org/ad/ontologies/2021/0/AIEngineer-ontology#Ensemble_Learning,
http://www.semanticweb.org/ad/ontologies/2021/0/AIEngineer-ontology#Classification,http://www.w3.org/2000/01/rdf-schema#subClassOf,http://www.semanticweb.org/ad/ontologies/2021/0/AIEngineer-ontology#Supervised_Learning,
http://www.semanticweb.org/ad/ontologies/2021/0/AIEngineer-ontology#Classification_Rate,http://www.w3.org/2000/01/rdf-schema#subClassOf,http://www.semanticweb.org/ad/ontologies/2021/0/AIEngineer-ontology#Classification,
http://www.semanticweb.org/ad/ontologies/2021/0/AIEngineer-ontology#Clustering,http://www.w3.org/2000/01/rdf-schema#subClassOf,http://www.semanticweb.org/ad/ontologies/2021/0/AIEngineer-ontology#Unsupervised_Learning,
http://www.semanticweb.org/ad/ontologies/2021/0/AIEngineer-ontology#DBSCAN,http://www.w3.org/2000/01/rdf-schema#subClassOf,http://www.semanticweb.org/ad/ontologies/2021/0/AIEngineer-ontology#Clustering,
http://www.semanticweb.org/ad/ontologies/2021/0/AIEngineer-ontology#Decision_Tree,http://www.w3.org/2000/01/rdf-schema#subClassOf,http://www.semanticweb.org/ad/ontologies/2021/0/AIEngineer-ontology#Classification,
http://www.semanticweb.org/ad/ontologies/2021/0/AIEngineer-ontology#Dimensionality_Reduction,http://www.w3.org/2000/01/rdf-schema#subClassOf,http://www.semanticweb.org/ad/ontologies/2021/0/AIEngineer-ontology#Unsupervised_Learning,
http://www.semanticweb.org/ad/ontologies/2021/0/AIEngineer-ontology#ECLAT_algorithm,http://www.w3.org/2000/01/rdf-schema#subClassOf,http://www.semanticweb.org/ad/ontologies/2021/0/AIEngineer-ontology#Assocaition_Rule_Learning,
http://www.semanticweb.org/ad/ontologies/2021/0/AIEngineer-ontology#Ensemble_Learning,http://www.w3.org/2000/01/rdf-schema#subClassOf,http://www.semanticweb.org/ad/ontologies/2021/0/AIEngineer-ontology#Machine_Learning,
http://www.semanticweb.org/ad/ontologies/2021/0/AIEngineer-ontology#FP_Tree,http://www.w3.org/2000/01/rdf-schema#subClassOf,http://www.semanticweb.org/ad/ontologies/2021/0/AIEngineer-ontology#Assocaition_Rule_Learning,
http://www.semanticweb.org/ad/ontologies/2021/0/AIEngineer-ontology#Fuzzy_C-Means,http://www.w3.org/2000/01/rdf-schema#subClassOf,http://www.semanticweb.org/ad/ontologies/2021/0/AIEngineer-ontology#Clustering,
http://www.semanticweb.org/ad/ontologies/2021/0/AIEngineer-ontology#Gaussian_Mixture_Model,http://www.w3.org/2000/01/rdf-schema#subClassOf,http://www.semanticweb.org/ad/ontologies/2021/0/AIEngineer-ontology#Classification,
http://www.semanticweb.org/ad/ontologies/2021/0/AIEngineer-ontology#HDBSCAN,http://www.w3.org/2000/01/rdf-schema#subClassOf,http://www.semanticweb.org/ad/ontologies/2021/0/AIEngineer-ontology#Clustering,
http://www.semanticweb.org/ad/ontologies/2021/0/AIEngineer-ontology#Hierachical_Clustering,http://www.w3.org/2000/01/rdf-schema#subClassOf,http://www.semanticweb.org/ad/ontologies/2021/0/AIEngineer-ontology#Clustering,
http://www.semanticweb.org/ad/ontologies/2021/0/AIEngineer-ontology#Java,http://www.w3.org/2000/01/rdf-schema#subClassOf,http://www.semanticweb.org/ad/ontologies/2021/0/datascience-ontology#Programming_Language,
http://www.semanticweb.org/ad/ontologies/2021/0/AIEngineer-ontology#K-Means_Clustering,http://www.w3.org/2000/01/rdf-schema#subClassOf,http://www.semanticweb.org/ad/ontologies/2021/0/AIEngineer-ontology#Clustering,
http://www.semanticweb.org/ad/ontologies/2021/0/AIEngineer-ontology#K-Nearest_Neighbour,http://www.w3.org/2000/01/rdf-schema#subClassOf,http://www.semanticweb.org/ad/ontologies/2021/0/AIEngineer-ontology#Classification,
http://www.semanticweb.org/ad/ontologies/2021/0/AIEngineer-ontology#K-Nearest_Neighbour,http://www.w3.org/2000/01/rdf-schema#label,K-Nearest Neighbour,KNN
http://www.semanticweb.org/ad/ontologies/2021/0/AIEngineer-ontology#Linear_Regression,http://www.w3.org/2000/01/rdf-schema#subClassOf,http://www.semanticweb.org/ad/ontologies/2021/0/AIEngineer-ontology#Regression,
http://www.semanticweb.org/ad/ontologies/2021/0/AIEngineer-ontology#Logistic_Regression,http://www.w3.org/2000/01/rdf-schema#subClassOf,http://www.semanticweb.org/ad/ontologies/2021/0/AIEngineer-ontology#Classification,
http://www.semanticweb.org/ad/ontologies/2021/0/AIEngineer-ontology#Machine_Learning,http://www.w3.org/2000/01/rdf-schema#subClassOf,http://www.semanticweb.org/ad/ontologies/2021/0/AIEngineer-ontology#AI_Engineer,
http://www.semanticweb.org/ad/ontologies/2021/0/AIEngineer-ontology#Machine_Learning,http://www.w3.org/2000/01/rdf-schema#label,ML,Machine Learning
http://www.semanticweb.org/ad/ontologies/2021/0/AIEngineer-ontology#Mean_Shift,http://www.w3.org/2000/01/rdf-schema#subClassOf,http://www.semanticweb.org/ad/ontologies/2021/0/AIEngineer-ontology#Clustering,
http://www.semanticweb.org/ad/ontologies/2021/0/AIEngineer-ontology#NMF,http://www.w3.org/2000/01/rdf-schema#subClassOf,http://www.semanticweb.org/ad/ontologies/2021/0/AIEngineer-ontology#Dimensionality_Reduction,
http://www.semanticweb.org/ad/ontologies/2021/0/AIEngineer-ontology#Naive_Bayes,http://www.w3.org/2000/01/rdf-schema#subClassOf,http://www.semanticweb.org/ad/ontologies/2021/0/AIEngineer-ontology#Classification,
http://www.semanticweb.org/ad/ontologies/2021/0/AIEngineer-ontology#OPTICS,http://www.w3.org/2000/01/rdf-schema#subClassOf,http://www.semanticweb.org/ad/ontologies/2021/0/AIEngineer-ontology#Clustering,
http://www.semanticweb.org/ad/ontologies/2021/0/AIEngineer-ontology#Poisson_Regression,http://www.w3.org/2000/01/rdf-schema#subClassOf,http://www.semanticweb.org/ad/ontologies/2021/0/AIEngineer-ontology#Regression,
http://www.semanticweb.org/ad/ontologies/2021/0/AIEngineer-ontology#Principal_Component_Analysis,http://www.w3.org/2000/01/rdf-schema#subClassOf,http://www.semanticweb.org/ad/ontologies/2021/0/AIEngineer-ontology#Dimensionality_Reduction,
http://www.semanticweb.org/ad/ontologies/2021/0/AIEngineer-ontology#Principal_Component_Analysis,http://www.w3.org/2000/01/rdf-schema#label,PCA,Principal Component Analysis
http://www.semanticweb.org/ad/ontologies/2021/0/AIEngineer-ontology#Q-Learning,http://www.w3.org/2000/01/rdf-schema#subClassOf,http://www.semanticweb.org/ad/ontologies/2021/0/AIEngineer-ontology#Reinforment_Learning,
http://www.semanticweb.org/ad/ontologies/2021/0/AIEngineer-ontology#R,http://www.w3.org/2000/01/rdf-schema#subClassOf,http://www.semanticweb.org/ad/ontologies/2021/0/datascience-ontology#Programming_Language,
http://www.semanticweb.org/ad/ontologies/2021/0/AIEngineer-ontology#Random_Projection,http://www.w3.org/2000/01/rdf-schema#subClassOf,http://www.semanticweb.org/ad/ontologies/2021/0/AIEngineer-ontology#Dimensionality_Reduction,
http://www.semanticweb.org/ad/ontologies/2021/0/AIEngineer-ontology#Regression,http://www.w3.org/2000/01/rdf-schema#subClassOf,http://www.semanticweb.org/ad/ontologies/2021/0/AIEngineer-ontology#Supervised_Learning,
http://www.semanticweb.org/ad/ontologies/2021/0/AIEngineer-ontology#Reinforment_Learning,http://www.w3.org/2000/01/rdf-schema#subClassOf,http://www.semanticweb.org/ad/ontologies/2021/0/AIEngineer-ontology#Machine_Learning,
http://www.semanticweb.org/ad/ontologies/2021/0/AIEngineer-ontology#Stacking,http://www.w3.org/2000/01/rdf-schema#subClassOf,http://www.semanticweb.org/ad/ontologies/2021/0/AIEngineer-ontology#Ensemble_Learning,
http://www.semanticweb.org/ad/ontologies/2021/0/AIEngineer-ontology#Supervised_Learning,http://www.w3.org/2000/01/rdf-schema#subClassOf,http://www.semanticweb.org/ad/ontologies/2021/0/AIEngineer-ontology#Machine_Learning,
http://www.semanticweb.org/ad/ontologies/2021/0/AIEngineer-ontology#Support_Vector_Machine,http://www.w3.org/2000/01/rdf-schema#subClassOf,http://www.semanticweb.org/ad/ontologies/2021/0/AIEngineer-ontology#Classification,
http://www.semanticweb.org/ad/ontologies/2021/0/AIEngineer-ontology#Support_Vector_Machine,http://www.w3.org/2000/01/rdf-schema#label,SVM,Support Vector Machine
http://www.semanticweb.org/ad/ontologies/2021/0/AIEngineer-ontology#T-SNE,http://www.w3.org/2000/01/rdf-schema#subClassOf,http://www.semanticweb.org/ad/ontologies/2021/0/AIEngineer-ontology#Dimensionality_Reduction,
http://www.semanticweb.org/ad/ontologies/2021/0/AIEngineer-ontology#UMAP,http://www.w3.org/2000/01/rdf-schema#subClassOf,http://www.semanticweb.org/ad/ontologies/2021/0/AIEngineer-ontology#Dimensionality_Reduction,
http://www.semanticweb.org/ad/ontologies/2021/0/AIEngineer-ontology#Unsupervised_Learning,http://www.w3.org/2000/01/rdf-schema#subClassOf,http://www.semanticweb.org/ad/ontologies/2021/0/AIEngineer-ontology#Machine_Learning,
http://www.semanticweb.org/ad/ontologies/2021/0/AIEngineer-ontology#abstracting_and_indexing,http://www.w3.org/2000/01/rdf-schema#subClassOf,http://www.semanticweb.org/ad/ontologies/2021/0/datascience-ontology#Natural_Language_Processing,
http://www.semanticweb.org/ad/ontologies/2021/0/AIEngineer-ontology#action_selection,http://www.w3.org/2000/01/rdf-schema#subClassOf,http://www.semanticweb.org/ad/ontologies/2021/0/AIEngineer-ontology#Reinforment_Learning,
http://www.semanticweb.org/ad/ontologies/2021/0/AIEngineer-ontology#action_spaces,http://www.w3.org/2000/01/rdf-schema#subClassOf,http://www.semanticweb.org/ad/ontologies/2021/0/AIEngineer-ontology#Reinforment_Learning,
http://www.semanticweb.org/ad/ontologies/2021/0/AIEngineer-ontology#activity_recognition,http://www.w3.org/2000/01/rdf-schema#subClassOf,http://www.semanticweb.org/ad/ontologies/2021/0/AIEngineer-ontology#pattern_recognition,
http://www.semanticweb.org/ad/ontologies/2021/0/AIEngineer-ontology#actor_critic,http://www.w3.org/2000/01/rdf-schema#subClassOf,http://www.semanticweb.org/ad/ontologies/2021/0/AIEngineer-ontology#Reinforment_Learning,
http://www.semanticweb.org/ad/ontologies/2021/0/AIEngineer-ontology#adaptive_boosting,http://www.w3.org/2000/01/rdf-schema#subClassOf,http://www.semanticweb.org/ad/ontologies/2021/0/AIEngineer-ontology#Classification,
http://www.semanticweb.org/ad/ontologies/2021/0/AIEngineer-ontology#answer_extraction,http://www.w3.org/2000/01/rdf-schema#subClassOf,http://www.semanticweb.org/ad/ontologies/2021/0/AIEngineer-ontology#question_answering,
http://www.semanticweb.org/ad/ontologies/2021/0/AIEngineer-ontology#appearance_model,http://www.w3.org/2000/01/rdf-schema#subClassOf,http://www.semanticweb.org/ad/ontologies/2021/0/AIEngineer-ontology#face_recognition,
http://www.semanticweb.org/ad/ontologies/2021/0/AIEngineer-ontology#approximate_inference,http://www.w3.org/2000/01/rdf-schema#subClassOf,http://www.semanticweb.org/ad/ontologies/2021/0/AIEngineer-ontology#graphic_model,
http://www.semanticweb.org/ad/ontologies/2021/0/AIEngineer-ontology#associative_classifiters,http://www.w3.org/2000/01/rdf-schema#subClassOf,http://www.semanticweb.org/ad/ontologies/2021/0/AIEngineer-ontology#Classification,
http://www.semanticweb.org/ad/ontologies/2021/0/AIEngineer-ontology#audio-visual,http://www.w3.org/2000/01/rdf-schema#subClassOf,http://www.semanticweb.org/ad/ontologies/2021/0/AIEngineer-ontology#face_recognition,
http://www.semanticweb.org/ad/ontologies/2021/0/AIEngineer-ontology#automatic_evaluation,http://www.w3.org/2000/01/rdf-schema#subClassOf,http://www.semanticweb.org/ad/ontologies/2021/0/AIEngineer-ontology#machine_translations,
http://www.semanticweb.org/ad/ontologies/2021/0/AIEngineer-ontology#automatic_translation,http://www.w3.org/2000/01/rdf-schema#subClassOf,http://www.semanticweb.org/ad/ontologies/2021/0/AIEngineer-ontology#machine_translations,
http://www.semanticweb.org/ad/ontologies/2021/0/AIEngineer-ontology#average_reward,http://www.w3.org/2000/01/rdf-schema#subClassOf,http://www.semanticweb.org/ad/ontologies/2021/0/AIEngineer-ontology#Reinforment_Learning,
http://www.semanticweb.org/ad/ontologies/2021/0/AIEngineer-ontology#backpropagation_algorithm,http://www.w3.org/2000/01/rdf-schema#subClassOf,http://www.semanticweb.org/ad/ontologies/2021/0/datascience-ontology#Neural_Networks,
http://www.semanticweb.org/ad/ontologies/2021/0/AIEngineer-ontology#bayes_classifier,http://www.w3.org/2000/01/rdf-schema#subClassOf,http://www.semanticweb.org/ad/ontologies/2021/0/AIEngineer-ontology#Classification,
http://www.semanticweb.org/ad/ontologies/2021/0/AIEngineer-ontology#bayesian,http://www.w3.org/2000/01/rdf-schema#subClassOf,http://www.semanticweb.org/ad/ontologies/2021/0/AIEngineer-ontology#bayesian_networks,
http://www.semanticweb.org/ad/ontologies/2021/0/AIEngineer-ontology#bayesian_classifier,http://www.w3.org/2000/01/rdf-schema#subClassOf,http://www.semanticweb.org/ad/ontologies/2021/0/AIEngineer-ontology#bayesian_networks,
http://www.semanticweb.org/ad/ontologies/2021/0/AIEngineer-ontology#bayesian_estimation,http://www.w3.org/2000/01/rdf-schema#subClassOf,http://www.semanticweb.org/ad/ontologies/2021/0/AIEngineer-ontology#bayesian_networks,
http://www.semanticweb.org/ad/ontologies/2021/0/AIEngineer-ontology#bayesian_filtering,http://www.w3.org/2000/01/rdf-schema#subClassOf,http://www.semanticweb.org/ad/ontologies/2021/0/AIEngineer-ontology#bayesian_networks,
http://www.semanticweb.org/ad/ontologies/2021/0/AIEngineer-ontology#bayesian_frameworks,http://www.w3.org/2000/01/rdf-schema#subClassOf,http://www.semanticweb.org/ad/ontologies/2021/0/AIEngineer-ontology#bayesian,
http://www.semanticweb.org/ad/ontologies/2021/0/AIEngineer-ontology#bayesian_inference,http://www.w3.org/2000/01/rdf-schema#subClassOf,http://www.semanticweb.org/ad/ontologies/2021/0/AIEngineer-ontology#bayesian_networks,
http://www.semanticweb.org/ad/ontologies/2021/0/AIEngineer-ontology#bayesian_networks,http://www.w3.org/2000/01/rdf-schema#subClassOf,http://www.semanticweb.org/ad/ontologies/2021/0/AIEngineer-ontology#AI_Engineer,
http://www.semanticweb.org/ad/ontologies/2021/0/AIEngineer-ontology#bias,http://www.w3.org/2000/01/rdf-schema#subClassOf,http://www.semanticweb.org/ad/ontologies/2021/0/AIEngineer-ontology#Machine_Learning,
http://www.semanticweb.org/ad/ontologies/2021/0/AIEngineer-ontology#bilingual_dictionary,http://www.w3.org/2000/01/rdf-schema#subClassOf,http://www.semanticweb.org/ad/ontologies/2021/0/AIEngineer-ontology#machine_translations,
http://www.semanticweb.org/ad/ontologies/2021/0/AIEngineer-ontology#binary_decision_tree,http://www.w3.org/2000/01/rdf-schema#subClassOf,http://www.semanticweb.org/ad/ontologies/2021/0/AIEngineer-ontology#Decision_Tree,
http://www.semanticweb.org/ad/ontologies/2021/0/AIEngineer-ontology#binary_pattern,http://www.w3.org/2000/01/rdf-schema#subClassOf,http://www.semanticweb.org/ad/ontologies/2021/0/AIEngineer-ontology#face_recognition,
http://www.semanticweb.org/ad/ontologies/2021/0/AIEngineer-ontology#c4.5_algorithm,http://www.w3.org/2000/01/rdf-schema#subClassOf,http://www.semanticweb.org/ad/ontologies/2021/0/AIEngineer-ontology#Decision_Tree,
http://www.semanticweb.org/ad/ontologies/2021/0/AIEngineer-ontology#character_recognition,http://www.w3.org/2000/01/rdf-schema#subClassOf,http://www.semanticweb.org/ad/ontologies/2021/0/AIEngineer-ontology#pattern_recognition,
http://www.semanticweb.org/ad/ontologies/2021/0/AIEngineer-ontology#class_information,http://www.w3.org/2000/01/rdf-schema#subClassOf,http://www.semanticweb.org/ad/ontologies/2021/0/AIEngineer-ontology#face_recognition,
http://www.semanticweb.org/ad/ontologies/2021/0/AIEngineer-ontology#color_images,http://www.w3.org/2000/01/rdf-schema#subClassOf,http://www.semanticweb.org/ad/ontologies/2021/0/AIEngineer-ontology#pattern_recognition,
http://www.semanticweb.org/ad/ontologies/2021/0/AIEngineer-ontology#computational_grammars,http://www.w3.org/2000/01/rdf-schema#subClassOf,http://www.semanticweb.org/ad/ontologies/2021/0/datascience-ontology#Natural_Language_Processing,
http://www.semanticweb.org/ad/ontologies/2021/0/AIEngineer-ontology#computing_with_words,http://www.w3.org/2000/01/rdf-schema#subClassOf,http://www.semanticweb.org/ad/ontologies/2021/0/datascience-ontology#Natural_Language_Processing,
http://www.semanticweb.org/ad/ontologies/2021/0/AIEngineer-ontology#concept_similarity,http://www.w3.org/2000/01/rdf-schema#subClassOf,http://www.semanticweb.org/ad/ontologies/2021/0/AIEngineer-ontology#semantic_similarity,
http://www.semanticweb.org/ad/ontologies/2021/0/AIEngineer-ontology#conditional_random_field,http://www.w3.org/2000/01/rdf-schema#subClassOf,http://www.semanticweb.org/ad/ontologies/2021/0/AIEngineer-ontology#Machine_Learning,
http://www.semanticweb.org/ad/ontologies/2021/0/AIEngineer-ontology#conditional_random_field,http://www.w3.org/2000/01/rdf-schema#label,CRF,conditional random field
http://www.semanticweb.org/ad/ontologies/2021/0/AIEngineer-ontology#content_distribution_networks,http://www.w3.org/2000/01/rdf-schema#subClassOf,http://www.semanticweb.org/ad/ontologies/2021/0/AIEngineer-ontology#distributed_parameter_networks,
http://www.semanticweb.org/ad/ontologies/2021/0/AIEngineer-ontology#continuous_state_space,http://www.w3.org/2000/01/rdf-schema#subClassOf,http://www.semanticweb.org/ad/ontologies/2021/0/AIEngineer-ontology#Reinforment_Learning,
http://www.semanticweb.org/ad/ontologies/2021/0/AIEngineer-ontology#cost_function,http://www.w3.org/2000/01/rdf-schema#subClassOf,http://www.semanticweb.org/ad/ontologies/2021/0/AIEngineer-ontology#Machine_Learning,
http://www.semanticweb.org/ad/ontologies/2021/0/AIEngineer-ontology#deep_belief_networks,http://www.w3.org/2000/01/rdf-schema#subClassOf,http://www.semanticweb.org/ad/ontologies/2021/0/AIEngineer-ontology#bayesian_networks,
http://www.semanticweb.org/ad/ontologies/2021/0/AIEngineer-ontology#deep_learning,http://www.w3.org/2000/01/rdf-schema#subClassOf,http://www.semanticweb.org/ad/ontologies/2021/0/datascience-ontology#Neural_Networks,
http://www.semanticweb.org/ad/ontologies/2021/0/AIEngineer-ontology#dependency_parsing,http://www.w3.org/2000/01/rdf-schema#subClassOf,http://www.semanticweb.org/ad/ontologies/2021/0/datascience-ontology#Natural_Language_Processing,
http://www.semanticweb.org/ad/ontologies/2021/0/AIEngineer-ontology#dependency_tree,http://www.w3.org/2000/01/rdf-schema#subClassOf,http://www.semanticweb.org/ad/ontologies/2021/0/AIEngineer-ontology#dependency_parsing,
http://www.semanticweb.org/ad/ontologies/2021/0/AIEngineer-ontology#distributed_control_system,http://www.w3.org/2000/01/rdf-schema#subClassOf,http://www.semanticweb.org/ad/ontologies/2021/0/AIEngineer-ontology#distributed_parameter_networks,
http://www.semanticweb.org/ad/ontologies/2021/0/AIEngineer-ontology#distributed_parameter_networks,http://www.w3.org/2000/01/rdf-schema#subClassOf,http://www.semanticweb.org/ad/ontologies/2021/0/AIEngineer-ontology#bayesian_networks,
http://www.semanticweb.org/ad/ontologies/2021/0/AIEngineer-ontology#distributed_processing,http://www.w3.org/2000/01/rdf-schema#subClassOf,http://www.semanticweb.org/ad/ontologies/2021/0/AIEngineer-ontology#distributed_parameter_networks,
http://www.semanticweb.org/ad/ontologies/2021/0/AIEngineer-ontology#distribution_network,http://www.w3.org/2000/01/rdf-schema#subClassOf,http://www.semanticweb.org/ad/ontologies/2021/0/AIEngineer-ontology#distributed_parameter_networks,
http://www.semanticweb.org/ad/ontologies/2021/0/AIEngineer-ontology#distribution_of_goods,http://www.w3.org/2000/01/rdf-schema#subClassOf,http://www.semanticweb.org/ad/ontologies/2021/0/AIEngineer-ontology#distributed_parameter_networks,
http://www.semanticweb.org/ad/ontologies/2021/0/AIEngineer-ontology#document_analysis,http://www.w3.org/2000/01/rdf-schema#subClassOf,http://www.semanticweb.org/ad/ontologies/2021/0/AIEngineer-ontology#character_recognition,
http://www.semanticweb.org/ad/ontologies/2021/0/AIEngineer-ontology#document_classification,http://www.w3.org/2000/01/rdf-schema#subClassOf,http://www.semanticweb.org/ad/ontologies/2021/0/AIEngineer-ontology#text_procssing,
http://www.semanticweb.org/ad/ontologies/2021/0/AIEngineer-ontology#document_processing,http://www.w3.org/2000/01/rdf-schema#subClassOf,http://www.semanticweb.org/ad/ontologies/2021/0/AIEngineer-ontology#character_recognition,
http://www.semanticweb.org/ad/ontologies/2021/0/AIEngineer-ontology#document_representation,http://www.w3.org/2000/01/rdf-schema#subClassOf,http://www.semanticweb.org/ad/ontologies/2021/0/AIEngineer-ontology#text_procssing,
http://www.semanticweb.org/ad/ontologies/2021/0/AIEngineer-ontology#dom_tree,http://www.w3.org/2000/01/rdf-schema#subClassOf,http://www.semanticweb.org/ad/ontologies/2021/0/AIEngineer-ontology#information_extraction,
http://www.semanticweb.org/ad/ontologies/2021/0/AIEngineer-ontology#emotion_recognition,http://www.w3.org/2000/01/rdf-schema#subClassOf,http://www.semanticweb.org/ad/ontologies/2021/0/AIEngineer-ontology#face_recognition,
http://www.semanticweb.org/ad/ontologies/2021/0/AIEngineer-ontology#extracting_information,http://www.w3.org/2000/01/rdf-schema#subClassOf,http://www.semanticweb.org/ad/ontologies/2021/0/AIEngineer-ontology#information_extraction,
http://www.semanticweb.org/ad/ontologies/2021/0/AIEngineer-ontology#eye_detection,http://www.w3.org/2000/01/rdf-schema#subClassOf,http://www.semanticweb.org/ad/ontologies/2021/0/AIEngineer-ontology#face_detection,
http://www.semanticweb.org/ad/ontologies/2021/0/AIEngineer-ontology#face_alignment,http://www.w3.org/2000/01/rdf-schema#subClassOf,http://www.semanticweb.org/ad/ontologies/2021/0/AIEngineer-ontology#face_recognition,
http://www.semanticweb.org/ad/ontologies/2021/0/AIEngineer-ontology#face_detection,http://www.w3.org/2000/01/rdf-schema#subClassOf,http://www.semanticweb.org/ad/ontologies/2021/0/AIEngineer-ontology#face_recognition,
http://www.semanticweb.org/ad/ontologies/2021/0/AIEngineer-ontology#face_detection_and_recognition,http://www.w3.org/2000/01/rdf-schema#subClassOf,http://www.semanticweb.org/ad/ontologies/2021/0/AIEngineer-ontology#face_detection,
http://www.semanticweb.org/ad/ontologies/2021/0/AIEngineer-ontology#face_images,http://www.w3.org/2000/01/rdf-schema#subClassOf,http://www.semanticweb.org/ad/ontologies/2021/0/AIEngineer-ontology#face_recognition,
http://www.semanticweb.org/ad/ontologies/2021/0/AIEngineer-ontology#face_models,http://www.w3.org/2000/01/rdf-schema#subClassOf,http://www.semanticweb.org/ad/ontologies/2021/0/AIEngineer-ontology#face_recognition,
http://www.semanticweb.org/ad/ontologies/2021/0/AIEngineer-ontology#face_recognition,http://www.w3.org/2000/01/rdf-schema#subClassOf,http://www.semanticweb.org/ad/ontologies/2021/0/AIEngineer-ontology#pattern_recognition,
http://www.semanticweb.org/ad/ontologies/2021/0/AIEngineer-ontology#feature_recognition,http://www.w3.org/2000/01/rdf-schema#subClassOf,http://www.semanticweb.org/ad/ontologies/2021/0/AIEngineer-ontology#pattern_recognition,
http://www.semanticweb.org/ad/ontologies/2021/0/AIEngineer-ontology#free_texts,http://www.w3.org/2000/01/rdf-schema#subClassOf,http://www.semanticweb.org/ad/ontologies/2021/0/AIEngineer-ontology#text_procssing,
http://www.semanticweb.org/ad/ontologies/2021/0/AIEngineer-ontology#fuzzy_classification,http://www.w3.org/2000/01/rdf-schema#subClassOf,http://www.semanticweb.org/ad/ontologies/2021/0/AIEngineer-ontology#Classification,
http://www.semanticweb.org/ad/ontologies/2021/0/AIEngineer-ontology#fuzzy_decision_tree,http://www.w3.org/2000/01/rdf-schema#subClassOf,http://www.semanticweb.org/ad/ontologies/2021/0/AIEngineer-ontology#Decision_Tree,
http://www.semanticweb.org/ad/ontologies/2021/0/AIEngineer-ontology#gesture_recognition,http://www.w3.org/2000/01/rdf-schema#subClassOf,http://www.semanticweb.org/ad/ontologies/2021/0/AIEngineer-ontology#pattern_recognition,
http://www.semanticweb.org/ad/ontologies/2021/0/AIEngineer-ontology#gibbs_sampler,http://www.w3.org/2000/01/rdf-schema#subClassOf,http://www.semanticweb.org/ad/ontologies/2021/0/AIEngineer-ontology#bayesian_networks,
http://www.semanticweb.org/ad/ontologies/2021/0/AIEngineer-ontology#gibbs_sampling,http://www.w3.org/2000/01/rdf-schema#subClassOf,http://www.semanticweb.org/ad/ontologies/2021/0/AIEngineer-ontology#bayesian_networks,
http://www.semanticweb.org/ad/ontologies/2021/0/AIEngineer-ontology#gradient_descent,http://www.w3.org/2000/01/rdf-schema#subClassOf,http://www.semanticweb.org/ad/ontologies/2021/0/AIEngineer-ontology#Machine_Learning,
http://www.semanticweb.org/ad/ontologies/2021/0/AIEngineer-ontology#graph_matching,http://www.w3.org/2000/01/rdf-schema#subClassOf,http://www.semanticweb.org/ad/ontologies/2021/0/AIEngineer-ontology#pattern_recognition,
http://www.semanticweb.org/ad/ontologies/2021/0/AIEngineer-ontology#graphic_model,http://www.w3.org/2000/01/rdf-schema#subClassOf,http://www.semanticweb.org/ad/ontologies/2021/0/AIEngineer-ontology#bayesian_networks,
http://www.semanticweb.org/ad/ontologies/2021/0/AIEngineer-ontology#graphic_modeling,http://www.w3.org/2000/01/rdf-schema#subClassOf,http://www.semanticweb.org/ad/ontologies/2021/0/AIEngineer-ontology#graphic_model,
http://www.semanticweb.org/ad/ontologies/2021/0/AIEngineer-ontology#hand_written_character_recognition,http://www.w3.org/2000/01/rdf-schema#subClassOf,http://www.semanticweb.org/ad/ontologies/2021/0/AIEngineer-ontology#character_recognition,
http://www.semanticweb.org/ad/ontologies/2021/0/AIEngineer-ontology#handwritting_recognition,http://www.w3.org/2000/01/rdf-schema#subClassOf,http://www.semanticweb.org/ad/ontologies/2021/0/AIEngineer-ontology#character_recognition,
http://www.semanticweb.org/ad/ontologies/2021/0/AIEngineer-ontology#imitation_learning,http://www.w3.org/2000/01/rdf-schema#subClassOf,http://www.semanticweb.org/ad/ontologies/2021/0/AIEngineer-ontology#Reinforment_Learning,
http://www.semanticweb.org/ad/ontologies/2021/0/AIEngineer-ontology#information_extraction,http://www.w3.org/2000/01/rdf-schema#subClassOf,http://www.semanticweb.org/ad/ontologies/2021/0/datascience-ontology#Natural_Language_Processing,
http://www.semanticweb.org/ad/ontologies/2021/0/AIEngineer-ontology#javascript,http://www.w3.org/2000/01/rdf-schema#subClassOf,http://www.semanticweb.org/ad/ontologies/2021/0/datascience-ontology#Programming_Language,
http://www.semanticweb.org/ad/ontologies/2021/0/AIEngineer-ontology#latent_variable_models,http://www.w3.org/2000/01/rdf-schema#subClassOf,http://www.semanticweb.org/ad/ontologies/2021/0/AIEngineer-ontology#bayesian_networks,
http://www.semanticweb.org/ad/ontologies/2021/0/AIEngineer-ontology#learning_agents,http://www.w3.org/2000/01/rdf-schema#subClassOf,http://www.semanticweb.org/ad/ontologies/2021/0/AIEngineer-ontology#Reinforment_Learning,
http://www.semanticweb.org/ad/ontologies/2021/0/AIEngineer-ontology#lexical_database,http://www.w3.org/2000/01/rdf-schema#subClassOf,http://www.semanticweb.org/ad/ontologies/2021/0/datascience-ontology#Natural_Language_Processing,
http://www.semanticweb.org/ad/ontologies/2021/0/AIEngineer-ontology#lexical_semantics,http://www.w3.org/2000/01/rdf-schema#subClassOf,http://www.semanticweb.org/ad/ontologies/2021/0/datascience-ontology#Natural_Language_Processing,
http://www.semanticweb.org/ad/ontologies/2021/0/AIEngineer-ontology#lift,http://www.w3.org/2000/01/rdf-schema#subClassOf,http://www.semanticweb.org/ad/ontologies/2021/0/AIEngineer-ontology#Machine_Learning,
http://www.semanticweb.org/ad/ontologies/2021/0/AIEngineer-ontology#loopy_belief_propagation,http://www.w3.org/2000/01/rdf-schema#subClassOf,http://www.semanticweb.org/ad/ontologies/2021/0/AIEngineer-ontology#graphic_model,
http://www.semanticweb.org/ad/ontologies/2021/0/AIEngineer-ontology#machine_translations,http://www.w3.org/2000/01/rdf-schema#subClassOf,http://www.semanticweb.org/ad/ontologies/2021/0/datascience-ontology#Natural_Language_Processing,
http://www.semanticweb.org/ad/ontologies/2021/0/AIEngineer-ontology#marginals,http://www.w3.org/2000/01/rdf-schema#subClassOf,http://www.semanticweb.org/ad/ontologies/2021/0/AIEngineer-ontology#graphic_model,
http://www.semanticweb.org/ad/ontologies/2021/0/AIEngineer-ontology#markov_chain,http://www.w3.org/2000/01/rdf-schema#subClassOf,http://www.semanticweb.org/ad/ontologies/2021/0/AIEngineer-ontology#bayesian_networks,
http://www.semanticweb.org/ad/ontologies/2021/0/AIEngineer-ontology#matplotlib,http://www.w3.org/2000/01/rdf-schema#subClassOf,http://www.semanticweb.org/ad/ontologies/2021/0/datascience-ontology#Library,
http://www.semanticweb.org/ad/ontologies/2021/0/AIEngineer-ontology#maximum_entropy_models,http://www.w3.org/2000/01/rdf-schema#subClassOf,http://www.semanticweb.org/ad/ontologies/2021/0/datascience-ontology#Natural_Language_Processing,
http://www.semanticweb.org/ad/ontologies/2021/0/AIEngineer-ontology#mcmc,http://www.w3.org/2000/01/rdf-schema#subClassOf,http://www.semanticweb.org/ad/ontologies/2021/0/AIEngineer-ontology#bayesian,
http://www.semanticweb.org/ad/ontologies/2021/0/AIEngineer-ontology#message_passing_algorithm,http://www.w3.org/2000/01/rdf-schema#subClassOf,http://www.semanticweb.org/ad/ontologies/2021/0/AIEngineer-ontology#graphic_model,
http://www.semanticweb.org/ad/ontologies/2021/0/AIEngineer-ontology#n-gram_language_models,http://www.w3.org/2000/01/rdf-schema#subClassOf,http://www.semanticweb.org/ad/ontologies/2021/0/datascience-ontology#Natural_Language_Processing,
http://www.semanticweb.org/ad/ontologies/2021/0/AIEngineer-ontology#naive_bayes,http://www.w3.org/2000/01/rdf-schema#subClassOf,http://www.semanticweb.org/ad/ontologies/2021/0/AIEngineer-ontology#bayesian_networks,
http://www.semanticweb.org/ad/ontologies/2021/0/AIEngineer-ontology#natural_language_generation,http://www.w3.org/2000/01/rdf-schema#subClassOf,http://www.semanticweb.org/ad/ontologies/2021/0/datascience-ontology#Natural_Language_Processing,
http://www.semanticweb.org/ad/ontologies/2021/0/AIEngineer-ontology#natural_language_questions,http://www.w3.org/2000/01/rdf-schema#subClassOf,http://www.semanticweb.org/ad/ontologies/2021/0/AIEngineer-ontology#question_answering,
http://www.semanticweb.org/ad/ontologies/2021/0/AIEngineer-ontology#nltk,http://www.w3.org/2000/01/rdf-schema#subClassOf,http://www.semanticweb.org/ad/ontologies/2021/0/datascience-ontology#Library,
http://www.semanticweb.org/ad/ontologies/2021/0/AIEngineer-ontology#object_recognition,http://www.w3.org/2000/01/rdf-schema#subClassOf,http://www.semanticweb.org/ad/ontologies/2021/0/AIEngineer-ontology#pattern_recognition,
http://www.semanticweb.org/ad/ontologies/2021/0/AIEngineer-ontology#overfitting,http://www.w3.org/2000/01/rdf-schema#subClassOf,http://www.semanticweb.org/ad/ontologies/2021/0/AIEngineer-ontology#Machine_Learning,
http://www.semanticweb.org/ad/ontologies/2021/0/AIEngineer-ontology#parse_tree,http://www.w3.org/2000/01/rdf-schema#subClassOf,http://www.semanticweb.org/ad/ontologies/2021/0/datascience-ontology#Natural_Language_Processing,
http://www.semanticweb.org/ad/ontologies/2021/0/AIEngineer-ontology#parsing_algorthm,http://www.w3.org/2000/01/rdf-schema#subClassOf,http://www.semanticweb.org/ad/ontologies/2021/0/datascience-ontology#Natural_Language_Processing,
http://www.semanticweb.org/ad/ontologies/2021/0/AIEngineer-ontology#part_of_speech,http://www.w3.org/2000/01/rdf-schema#subClassOf,http://www.semanticweb.org/ad/ontologies/2021/0/datascience-ontology#Natural_Language_Processing,
http://www.semanticweb.org/ad/ontologies/2021/0/AIEngineer-ontology#passage_retrieval,http://www.w3.org/2000/01/rdf-schema#subClassOf,http://www.semanticweb.org/ad/ontologies/2021/0/AIEngineer-ontology#question_answering,
http://www.semanticweb.org/ad/ontologies/2021/0/AIEngineer-ontology#pattern_recognition,http://www.w3.org/2000/01/rdf-schema#subClassOf,http://www.semanticweb.org/ad/ontologies/2021/0/AIEngineer-ontology#Machine_Learning,
http://www.semanticweb.org/ad/ontologies/2021/0/AIEngineer-ontology#policy_iteration,http://www.w3.org/2000/01/rdf-schema#subClassOf,http://www.semanticweb.org/ad/ontologies/2021/0/AIEngineer-ontology#Reinforment_Learning,
http://www.semanticweb.org/ad/ontologies/2021/0/AIEngineer-ontology#pos_tagging,http://www.w3.org/2000/01/rdf-schema#subClassOf,http://www.semanticweb.org/ad/ontologies/2021/0/AIEngineer-ontology#part_of_speech,
http://www.semanticweb.org/ad/ontologies/2021/0/AIEngineer-ontology#posterior_distributions,http://www.w3.org/2000/01/rdf-schema#subClassOf,http://www.semanticweb.org/ad/ontologies/2021/0/AIEngineer-ontology#bayesian,
http://www.semanticweb.org/ad/ontologies/2021/0/AIEngineer-ontology#precision,http://www.w3.org/2000/01/rdf-schema#subClassOf,http://www.semanticweb.org/ad/ontologies/2021/0/AIEngineer-ontology#Machine_Learning,
http://www.semanticweb.org/ad/ontologies/2021/0/AIEngineer-ontology#predictive_distributions,http://www.w3.org/2000/01/rdf-schema#subClassOf,http://www.semanticweb.org/ad/ontologies/2021/0/AIEngineer-ontology#bayesian,
http://www.semanticweb.org/ad/ontologies/2021/0/AIEngineer-ontology#prior_distribution,http://www.w3.org/2000/01/rdf-schema#subClassOf,http://www.semanticweb.org/ad/ontologies/2021/0/AIEngineer-ontology#bayesian,
http://www.semanticweb.org/ad/ontologies/2021/0/AIEngineer-ontology#probabilistic_graphical_models,http://www.w3.org/2000/01/rdf-schema#subClassOf,http://www.semanticweb.org/ad/ontologies/2021/0/AIEngineer-ontology#graphic_model,
http://www.semanticweb.org/ad/ontologies/2021/0/AIEngineer-ontology#probabilistic_models,http://www.w3.org/2000/01/rdf-schema#subClassOf,http://www.semanticweb.org/ad/ontologies/2021/0/AIEngineer-ontology#bayesian_networks,
http://www.semanticweb.org/ad/ontologies/2021/0/AIEngineer-ontology#python,http://www.w3.org/2000/01/rdf-schema#subClassOf,http://www.semanticweb.org/ad/ontologies/2021/0/datascience-ontology#Programming_Language,
http://www.semanticweb.org/ad/ontologies/2021/0/AIEngineer-ontology#qa_system,http://www.w3.org/2000/01/rdf-schema#subClassOf,http://www.semanticweb.org/ad/ontologies/2021/0/AIEngineer-ontology#question_answering,
http://www.semanticweb.org/ad/ontologies/2021/0/AIEngineer-ontology#question_answering,http://www.w3.org/2000/01/rdf-schema#subClassOf,http://www.semanticweb.org/ad/ontologies/2021/0/datascience-ontology#Natural_Language_Processing,
http://www.semanticweb.org/ad/ontologies/2021/0/AIEngineer-ontology#question_classification,http://www.w3.org/2000/01/rdf-schema#subClassOf,http://www.semanticweb.org/ad/ontologies/2021/0/AIEngineer-ontology#question_answering,
http://www.semanticweb.org/ad/ontologies/2021/0/AIEngineer-ontology#random_forest,http://www.w3.org/2000/01/rdf-schema#subClassOf,http://www.semanticweb.org/ad/ontologies/2021/0/AIEngineer-ontology#Decision_Tree,
http://www.semanticweb.org/ad/ontologies/2021/0/AIEngineer-ontology#recall,http://www.w3.org/2000/01/rdf-schema#subClassOf,http://www.semanticweb.org/ad/ontologies/2021/0/AIEngineer-ontology#Machine_Learning,
http://www.semanticweb.org/ad/ontologies/2021/0/AIEngineer-ontology#regular_expression,http://www.w3.org/2000/01/rdf-schema#subClassOf,http://www.semanticweb.org/ad/ontologies/2021/0/datascience-ontology#Fundamentals,
http://www.semanticweb.org/ad/ontologies/2021/0/AIEngineer-ontology#regular_expression,http://www.w3.org/2000/01/rdf-schema#label,regex,regular expression
http://www.semanticweb.org/ad/ontologies/2021/0/AIEngineer-ontology#relation_extraction,http://www.w3.org/2000/01/rdf-schema#subClassOf,http://www.semanticweb.org/ad/ontologies/2021/0/AIEngineer-ontology#information_extraction,
http://www.semanticweb.org/ad/ontologies/2021/0/AIEngineer-ontology#relevance_models,http://www.w3.org/2000/01/rdf-schema#subClassOf,http://www.semanticweb.org/ad/ontologies/2021/0/datascience-ontology#Natural_Language_Processing,
http://www.semanticweb.org/ad/ontologies/2021/0/AIEngineer-ontology#reward_function,http://www.w3.org/2000/01/rdf-schema#subClassOf,http://www.semanticweb.org/ad/ontologies/2021/0/AIEngineer-ontology#Reinforment_Learning,
http://www.semanticweb.org/ad/ontologies/2021/0/AIEngineer-ontology#scalars,http://www.w3.org/2000/01/rdf-schema#subClassOf,http://www.semanticweb.org/ad/ontologies/2021/0/datascience-ontology#Fundamentals,
http://www.semanticweb.org/ad/ontologies/2021/0/AIEngineer-ontology#semantic_distance,http://www.w3.org/2000/01/rdf-schema#subClassOf,http://www.semanticweb.org/ad/ontologies/2021/0/AIEngineer-ontology#semantic_similarity,
http://www.semanticweb.org/ad/ontologies/2021/0/AIEngineer-ontology#semantic_similarity,http://www.w3.org/2000/01/rdf-schema#subClassOf,http://www.semanticweb.org/ad/ontologies/2021/0/datascience-ontology#Natural_Language_Processing,
http://www.semanticweb.org/ad/ontologies/2021/0/AIEngineer-ontology#sentence_similarity,http://www.w3.org/2000/01/rdf-schema#subClassOf,http://www.semanticweb.org/ad/ontologies/2021/0/AIEngineer-ontology#semantic_similarity,
http://www.semanticweb.org/ad/ontologies/2021/0/AIEngineer-ontology#sentiment_analysis,http://www.w3.org/2000/01/rdf-schema#subClassOf,http://www.semanticweb.org/ad/ontologies/2021/0/datascience-ontology#Natural_Language_Processing,
http://www.semanticweb.org/ad/ontologies/2021/0/AIEngineer-ontology#sentiment_classification,http://www.w3.org/2000/01/rdf-schema#subClassOf,http://www.semanticweb.org/ad/ontologies/2021/0/AIEngineer-ontology#text_procssing,
http://www.semanticweb.org/ad/ontologies/2021/0/AIEngineer-ontology#sequence_labeling,http://www.w3.org/2000/01/rdf-schema#subClassOf,http://www.semanticweb.org/ad/ontologies/2021/0/datascience-ontology#Natural_Language_Processing,
http://www.semanticweb.org/ad/ontologies/2021/0/AIEngineer-ontology#sequential_decision_making,http://www.w3.org/2000/01/rdf-schema#subClassOf,http://www.semanticweb.org/ad/ontologies/2021/0/AIEngineer-ontology#Reinforment_Learning,
http://www.semanticweb.org/ad/ontologies/2021/0/AIEngineer-ontology#sketch_recognition,http://www.w3.org/2000/01/rdf-schema#subClassOf,http://www.semanticweb.org/ad/ontologies/2021/0/AIEngineer-ontology#pattern_recognition,
http://www.semanticweb.org/ad/ontologies/2021/0/AIEngineer-ontology#skin-color_segmentation,http://www.w3.org/2000/01/rdf-schema#subClassOf,http://www.semanticweb.org/ad/ontologies/2021/0/AIEngineer-ontology#face_detection,
http://www.semanticweb.org/ad/ontologies/2021/0/AIEngineer-ontology#skin_detection,http://www.w3.org/2000/01/rdf-schema#subClassOf,http://www.semanticweb.org/ad/ontologies/2021/0/AIEngineer-ontology#face_detection,
http://www.semanticweb.org/ad/ontologies/2021/0/AIEngineer-ontology#spacy,http://www.w3.org/2000/01/rdf-schema#subClassOf,http://www.semanticweb.org/ad/ontologies/2021/0/datascience-ontology#Library,
http://www.semanticweb.org/ad/ontologies/2021/0/AIEngineer-ontology#speech-to-speech_translation,http://www.w3.org/2000/01/rdf-schema#subClassOf,http://www.semanticweb.org/ad/ontologies/2021/0/AIEngineer-ontology#machine_translations,
http://www.semanticweb.org/ad/ontologies/2021/0/AIEngineer-ontology#speech_tranmissions,http://www.w3.org/2000/01/rdf-schema#subClassOf,http://www.semanticweb.org/ad/ontologies/2021/0/datascience-ontology#Natural_Language_Processing,
http://www.semanticweb.org/ad/ontologies/2021/0/AIEngineer-ontology#statiscal_language_modeling,http://www.w3.org/2000/01/rdf-schema#subClassOf,http://www.semanticweb.org/ad/ontologies/2021/0/datascience-ontology#Natural_Language_Processing,
http://www.semanticweb.org/ad/ontologies/2021/0/AIEngineer-ontology#structure-learnng,http://www.w3.org/2000/01/rdf-schema#subClassOf,http://www.semanticweb.org/ad/ontologies/2021/0/AIEngineer-ontology#bayesian_networks,
http://www.semanticweb.org/ad/ontologies/2021/0/AIEngineer-ontology#subject_headings,http://www.w3.org/2000/01/rdf-schema#subClassOf,http://www.semanticweb.org/ad/ontologies/2021/0/AIEngineer-ontology#abstracting_and_indexing,
http://www.semanticweb.org/ad/ontologies/2021/0/AIEngineer-ontology#synsets,http://www.w3.org/2000/01/rdf-schema#subClassOf,http://www.semanticweb.org/ad/ontologies/2021/0/datascience-ontology#Natural_Language_Processing,
http://www.semanticweb.org/ad/ontologies/2021/0/AIEngineer-ontology#syntactic_analysis,http://www.w3.org/2000/01/rdf-schema#subClassOf,http://www.semanticweb.org/ad/ontologies/2021/0/datascience-ontology#Natural_Language_Processing,
http://www.semanticweb.org/ad/ontologies/2021/0/AIEngineer-ontology#syntactic_features,http://www.w3.org/2000/01/rdf-schema#subClassOf,http://www.semanticweb.org/ad/ontologies/2021/0/datascience-ontology#Natural_Language_Processing,
http://www.semanticweb.org/ad/ontologies/2021/0/AIEngineer-ontology#syntactic_information,http://www.w3.org/2000/01/rdf-schema#subClassOf,http://www.semanticweb.org/ad/ontologies/2021/0/datascience-ontology#Natural_Language_Processing,
http://www.semanticweb.org/ad/ontologies/2021/0/AIEngineer-ontology#syntactic_parsing,http://www.w3.org/2000/01/rdf-schema#subClassOf,http://www.semanticweb.org/ad/ontologies/2021/0/datascience-ontology#Natural_Language_Processing,
http://www.semanticweb.org/ad/ontologies/2021/0/AIEngineer-ontology#tensors,http://www.w3.org/2000/01/rdf-schema#subClassOf,http://www.semanticweb.org/ad/ontologies/2021/0/datascience-ontology#Fundamentals,
http://www.semanticweb.org/ad/ontologies/2021/0/AIEngineer-ontology#term_frequency,http://www.w3.org/2000/01/rdf-schema#subClassOf,http://www.semanticweb.org/ad/ontologies/2021/0/AIEngineer-ontology#text_procssing,
http://www.semanticweb.org/ad/ontologies/2021/0/AIEngineer-ontology#test_data,http://www.w3.org/2000/01/rdf-schema#subClassOf,http://www.semanticweb.org/ad/ontologies/2021/0/AIEngineer-ontology#Machine_Learning,
http://www.semanticweb.org/ad/ontologies/2021/0/AIEngineer-ontology#text_classification,http://www.w3.org/2000/01/rdf-schema#subClassOf,http://www.semanticweb.org/ad/ontologies/2021/0/AIEngineer-ontology#text_procssing,
http://www.semanticweb.org/ad/ontologies/2021/0/AIEngineer-ontology#text_classifier,http://www.w3.org/2000/01/rdf-schema#subClassOf,http://www.semanticweb.org/ad/ontologies/2021/0/AIEngineer-ontology#Classification,
http://www.semanticweb.org/ad/ontologies/2021/0/AIEngineer-ontology#text_clustering,http://www.w3.org/2000/01/rdf-schema#subClassOf,http://www.semanticweb.org/ad/ontologies/2021/0/AIEngineer-ontology#text_procssing,
http://www.semanticweb.org/ad/ontologies/2021/0/AIEngineer-ontology#text_detection,http://www.w3.org/2000/01/rdf-schema#subClassOf,http://www.semanticweb.org/ad/ontologies/2021/0/AIEngineer-ontology#character_recognition,
http://www.semanticweb.org/ad/ontologies/2021/0/AIEngineer-ontology#text_entry,http://www.w3.org/2000/01/rdf-schema#subClassOf,http://www.semanticweb.org/ad/ontologies/2021/0/AIEngineer-ontology#text_procssing,
http://www.semanticweb.org/ad/ontologies/2021/0/AIEngineer-ontology#text_lines,http://www.w3.org/2000/01/rdf-schema#subClassOf,http://www.semanticweb.org/ad/ontologies/2021/0/AIEngineer-ontology#text_procssing,
http://www.semanticweb.org/ad/ontologies/2021/0/AIEngineer-ontology#text_mining,http://www.w3.org/2000/01/rdf-schema#subClassOf,http://www.semanticweb.org/ad/ontologies/2021/0/AIEngineer-ontology#text_procssing,
http://www.semanticweb.org/ad/ontologies/2021/0/AIEngineer-ontology#text_procssing,http://www.w3.org/2000/01/rdf-schema#subClassOf,http://www.semanticweb.org/ad/ontologies/2021/0/datascience-ontology#Natural_Language_Processing,
http://www.semanticweb.org/ad/ontologies/2021/0/AIEngineer-ontology#text_recognition,http://www.w3.org/2000/01/rdf-schema#subClassOf,http://www.semanticweb.org/ad/ontologies/2021/0/AIEngineer-ontology#text_procssing,
http://www.semanticweb.org/ad/ontologies/2021/0/AIEngineer-ontology#text_summarization,http://www.w3.org/2000/01/rdf-schema#subClassOf,http://www.semanticweb.org/ad/ontologies/2021/0/AIEngineer-ontology#text_procssing,
http://www.semanticweb.org/ad/ontologies/2021/0/AIEngineer-ontology#topic_model,http://www.w3.org/2000/01/rdf-schema#subClassOf,http://www.semanticweb.org/ad/ontologies/2021/0/AIEngineer-ontology#Machine_Learning,
http://www.semanticweb.org/ad/ontologies/2021/0/AIEngineer-ontology#training,http://www.w3.org/2000/01/rdf-schema#subClassOf,http://www.semanticweb.org/ad/ontologies/2021/0/AIEngineer-ontology#Machine_Learning,
http://www.semanticweb.org/ad/ontologies/2021/0/AIEngineer-ontology#translation_models,http://www.w3.org/2000/01/rdf-schema#subClassOf,http://www.semanticweb.org/ad/ontologies/2021/0/AIEngineer-ontology#machine_translations,
http://www.semanticweb.org/ad/ontologies/2021/0/AIEngineer-ontology#underfitting,http://www.w3.org/2000/01/rdf-schema#subClassOf,http://www.semanticweb.org/ad/ontologies/2021/0/AIEngineer-ontology#Machine_Learning,
http://www.semanticweb.org/ad/ontologies/2021/0/AIEngineer-ontology#validation,http://www.w3.org/2000/01/rdf-schema#subClassOf,http://www.semanticweb.org/ad/ontologies/2021/0/AIEngineer-ontology#Machine_Learning,
http://www.semanticweb.org/ad/ontologies/2021/0/AIEngineer-ontology#variance,http://www.w3.org/2000/01/rdf-schema#subClassOf,http://www.semanticweb.org/ad/ontologies/2021/0/AIEngineer-ontology#Machine_Learning,
http://www.semanticweb.org/ad/ontologies/2021/0/AIEngineer-ontology#vectors,http://www.w3.org/2000/01/rdf-schema#subClassOf,http://www.semanticweb.org/ad/ontologies/2021/0/datascience-ontology#Fundamentals,
http://www.semanticweb.org/ad/ontologies/2021/0/AIEngineer-ontology#word_embedding,http://www.w3.org/2000/01/rdf-schema#subClassOf,http://www.semanticweb.org/ad/ontologies/2021/0/datascience-ontology#Natural_Language_Processing,
http://www.semanticweb.org/ad/ontologies/2021/0/AIEngineer-ontology#word_processing,http://www.w3.org/2000/01/rdf-schema#subClassOf,http://www.semanticweb.org/ad/ontologies/2021/0/AIEngineer-ontology#text_procssing,
http://www.semanticweb.org/ad/ontologies/2021/0/AIEngineer-ontology#word_segmentation,http://www.w3.org/2000/01/rdf-schema#subClassOf,http://www.semanticweb.org/ad/ontologies/2021/0/AIEngineer-ontology#character_recognition,
http://www.semanticweb.org/ad/ontologies/2021/0/AIEngineer-ontology#word_similarity,http://www.w3.org/2000/01/rdf-schema#subClassOf,http://www.semanticweb.org/ad/ontologies/2021/0/AIEngineer-ontology#semantic_similarity,
http://www.semanticweb.org/ad/ontologies/2021/0/AIEngineer-ontology#wordnet,http://www.w3.org/2000/01/rdf-schema#subClassOf,http://www.semanticweb.org/ad/ontologies/2021/0/AIEngineer-ontology#lexical_database,
http://www.semanticweb.org/ad/ontologies/2021/0/AIEngineer-ontology#C++,http://www.w3.org/2000/01/rdf-schema#subClassOf,http://www.semanticweb.org/ad/ontologies/2021/0/datascience-ontology#Programming_Language,
http://www.semanticweb.org/ad/ontologies/2021/0/datascience-ontology#AdaDelta,http://www.w3.org/2000/01/rdf-schema#subClassOf,http://www.semanticweb.org/ad/ontologies/2021/0/datascience-ontology#Optimizers,
http://www.semanticweb.org/ad/ontologies/2021/0/datascience-ontology#AdaGrad,http://www.w3.org/2000/01/rdf-schema#subClassOf,http://www.semanticweb.org/ad/ontologies/2021/0/datascience-ontology#Optimizers,
http://www.semanticweb.org/ad/ontologies/2021/0/datascience-ontology#Adam,http://www.w3.org/2000/01/rdf-schema#subClassOf,http://www.semanticweb.org/ad/ontologies/2021/0/datascience-ontology#Optimizers,
http://www.semanticweb.org/ad/ontologies/2021/0/datascience-ontology#Batch_Normalization,http://www.w3.org/2000/01/rdf-schema#subClassOf,http://www.semanticweb.org/ad/ontologies/2021/0/datascience-ontology#Train_model,
http://www.semanticweb.org/ad/ontologies/2021/0/datascience-ontology#Batch_size_effects,http://www.w3.org/2000/01/rdf-schema#subClassOf,http://www.semanticweb.org/ad/ontologies/2021/0/datascience-ontology#Train_model,
http://www.semanticweb.org/ad/ontologies/2021/0/datascience-ontology#BiLSTM,http://www.w3.org/2000/01/rdf-schema#subClassOf,http://www.semanticweb.org/ad/ontologies/2021/0/datascience-ontology#recurrent_neural_network,
http://www.semanticweb.org/ad/ontologies/2021/0/datascience-ontology#CSV,http://www.w3.org/2000/01/rdf-schema#subClassOf,http://www.semanticweb.org/ad/ontologies/2021/0/datascience-ontology#Data_Formats,
http://www.semanticweb.org/ad/ontologies/2021/0/datascience-ontology#Data_Formats,http://www.w3.org/2000/01/rdf-schema#subClassOf,http://www.semanticweb.org/ad/ontologies/2021/0/datascience-ontology#Fundamentals,
http://www.semanticweb.org/ad/ontologies/2021/0/datascience-ontology#Evolving_Architectures,http://www.w3.org/2000/01/rdf-schema#subClassOf,http://www.semanticweb.org/ad/ontologies/2021/0/datascience-ontology#Neural_Networks,
http://www.semanticweb.org/ad/ontologies/2021/0/datascience-ontology#Fundamentals,http://www.w3.org/2000/01/rdf-schema#subClassOf,http://www.semanticweb.org/ad/ontologies/2021/0/AIEngineer-ontology#AI_Engineer,
http://www.semanticweb.org/ad/ontologies/2021/0/datascience-ontology#GRU,http://www.w3.org/2000/01/rdf-schema#subClassOf,http://www.semanticweb.org/ad/ontologies/2021/0/datascience-ontology#recurrent_neural_network,
http://www.semanticweb.org/ad/ontologies/2021/0/datascience-ontology#JSON,http://www.w3.org/2000/01/rdf-schema#subClassOf,http://www.semanticweb.org/ad/ontologies/2021/0/datascience-ontology#Data_Formats,
http://www.semanticweb.org/ad/ontologies/2021/0/datascience-ontology#LSTM,http://www.w3.org/2000/01/rdf-schema#subClassOf,http://www.semanticweb.org/ad/ontologies/2021/0/datascience-ontology#recurrent_neural_network,
http://www.semanticweb.org/ad/ontologies/2021/0/datascience-ontology#Learning_Rate_Schedule,http://www.w3.org/2000/01/rdf-schema#subClassOf,http://www.semanticweb.org/ad/ontologies/2021/0/datascience-ontology#Train_model,
http://www.semanticweb.org/ad/ontologies/2021/0/datascience-ontology#Library,http://www.w3.org/2000/01/rdf-schema#subClassOf,http://www.semanticweb.org/ad/ontologies/2021/0/AIEngineer-ontology#AI_Engineer,
http://www.semanticweb.org/ad/ontologies/2021/0/datascience-ontology#MLFlow,http://www.w3.org/2000/01/rdf-schema#subClassOf,http://www.semanticweb.org/ad/ontologies/2021/0/datascience-ontology#Tools,
http://www.semanticweb.org/ad/ontologies/2021/0/datascience-ontology#Momentum,http://www.w3.org/2000/01/rdf-schema#subClassOf,http://www.semanticweb.org/ad/ontologies/2021/0/datascience-ontology#Optimizers,
http://www.semanticweb.org/ad/ontologies/2021/0/datascience-ontology#NEAT,http://www.w3.org/2000/01/rdf-schema#subClassOf,http://www.semanticweb.org/ad/ontologies/2021/0/datascience-ontology#Neural_Networks,
http://www.semanticweb.org/ad/ontologies/2021/0/datascience-ontology#Nadam,http://www.w3.org/2000/01/rdf-schema#subClassOf,http://www.semanticweb.org/ad/ontologies/2021/0/datascience-ontology#Optimizers,
http://www.semanticweb.org/ad/ontologies/2021/0/datascience-ontology#Name_Entity_Recognition,http://www.w3.org/2000/01/rdf-schema#subClassOf,http://www.semanticweb.org/ad/ontologies/2021/0/datascience-ontology#Natural_Language_Processing,
http://www.semanticweb.org/ad/ontologies/2021/0/datascience-ontology#Natural_Language_Processing,http://www.w3.org/2000/01/rdf-schema#subClassOf,http://www.semanticweb.org/ad/ontologies/2021/0/AIEngineer-ontology#AI_Engineer,
http://www.semanticweb.org/ad/ontologies/2021/0/datascience-ontology#Natural_Language_Processing,http://www.w3.org/2000/01/rdf-schema#label,NLP,Natural Language Processing
http://www.semanticweb.org/ad/ontologies/2021/0/datascience-ontology#Neural_Architecture_Search,http://www.w3.org/2000/01/rdf-schema#subClassOf,http://www.semanticweb.org/ad/ontologies/2021/0/datascience-ontology#model_optimization,
http://www.semanticweb.org/ad/ontologies/2021/0/datascience-ontology#Neural_Networks,http://www.w3.org/2000/01/rdf-schema#subClassOf,http://www.semanticweb.org/ad/ontologies/2021/0/AIEngineer-ontology#AI_Engineer,
http://www.semanticweb.org/ad/ontologies/2021/0/datascience-ontology#Numpy,http://www.w3.org/2000/01/rdf-schema#subClassOf,http://www.semanticweb.org/ad/ontologies/2021/0/datascience-ontology#Library,
http://www.semanticweb.org/ad/ontologies/2021/0/datascience-ontology#Optimizers,http://www.w3.org/2000/01/rdf-schema#subClassOf,http://www.semanticweb.org/ad/ontologies/2021/0/datascience-ontology#Train_model,
http://www.semanticweb.org/ad/ontologies/2021/0/datascience-ontology#Pandas,http://www.w3.org/2000/01/rdf-schema#subClassOf,http://www.semanticweb.org/ad/ontologies/2021/0/datascience-ontology#Library,
http://www.semanticweb.org/ad/ontologies/2021/0/datascience-ontology#Pooling,http://www.w3.org/2000/01/rdf-schema#subClassOf,http://www.semanticweb.org/ad/ontologies/2021/0/datascience-ontology#convolutional_neural_network,
http://www.semanticweb.org/ad/ontologies/2021/0/datascience-ontology#Programming_Language,http://www.w3.org/2000/01/rdf-schema#subClassOf,http://www.semanticweb.org/ad/ontologies/2021/0/AIEngineer-ontology#AI_Engineer,
http://www.semanticweb.org/ad/ontologies/2021/0/datascience-ontology#Pytorch,http://www.w3.org/2000/01/rdf-schema#subClassOf,http://www.semanticweb.org/ad/ontologies/2021/0/datascience-ontology#Tools,
http://www.semanticweb.org/ad/ontologies/2021/0/datascience-ontology#RMSProp,http://www.w3.org/2000/01/rdf-schema#subClassOf,http://www.semanticweb.org/ad/ontologies/2021/0/datascience-ontology#Optimizers,
http://www.semanticweb.org/ad/ontologies/2021/0/datascience-ontology#Residual_Connections,http://www.w3.org/2000/01/rdf-schema#subClassOf,http://www.semanticweb.org/ad/ontologies/2021/0/datascience-ontology#Neural_Networks,
http://www.semanticweb.org/ad/ontologies/2021/0/datascience-ontology#SGD,http://www.w3.org/2000/01/rdf-schema#subClassOf,http://www.semanticweb.org/ad/ontologies/2021/0/datascience-ontology#Optimizers,
http://www.semanticweb.org/ad/ontologies/2021/0/datascience-ontology#Sentiment_Analysis,http://www.w3.org/2000/01/rdf-schema#subClassOf,http://www.semanticweb.org/ad/ontologies/2021/0/datascience-ontology#Natural_Language_Processing,
http://www.semanticweb.org/ad/ontologies/2021/0/datascience-ontology#Summarization,http://www.w3.org/2000/01/rdf-schema#subClassOf,http://www.semanticweb.org/ad/ontologies/2021/0/datascience-ontology#Natural_Language_Processing,
http://www.semanticweb.org/ad/ontologies/2021/0/datascience-ontology#Tensorboard,http://www.w3.org/2000/01/rdf-schema#subClassOf,http://www.semanticweb.org/ad/ontologies/2021/0/datascience-ontology#Tools,
http://www.semanticweb.org/ad/ontologies/2021/0/datascience-ontology#Tensorflow,http://www.w3.org/2000/01/rdf-schema#subClassOf,http://www.semanticweb.org/ad/ontologies/2021/0/datascience-ontology#Tools,
http://www.semanticweb.org/ad/ontologies/2021/0/datascience-ontology#Tools,http://www.w3.org/2000/01/rdf-schema#subClassOf,http://www.semanticweb.org/ad/ontologies/2021/0/AIEngineer-ontology#AI_Engineer,
http://www.semanticweb.org/ad/ontologies/2021/0/datascience-ontology#Train_model,http://www.w3.org/2000/01/rdf-schema#subClassOf,http://www.semanticweb.org/ad/ontologies/2021/0/datascience-ontology#Neural_Networks,
http://www.semanticweb.org/ad/ontologies/2021/0/datascience-ontology#Transformer,http://www.w3.org/2000/01/rdf-schema#subClassOf,http://www.semanticweb.org/ad/ontologies/2021/0/datascience-ontology#Neural_Networks,
http://www.semanticweb.org/ad/ontologies/2021/0/datascience-ontology#XML,http://www.w3.org/2000/01/rdf-schema#subClassOf,http://www.semanticweb.org/ad/ontologies/2021/0/datascience-ontology#Data_Formats,
http://www.semanticweb.org/ad/ontologies/2021/0/datascience-ontology#activation_functions,http://www.w3.org/2000/01/rdf-schema#subClassOf,http://www.semanticweb.org/ad/ontologies/2021/0/datascience-ontology#Neural_Networks,
http://www.semanticweb.org/ad/ontologies/2021/0/datascience-ontology#adversarial_training,http://www.w3.org/2000/01/rdf-schema#subClassOf,http://www.semanticweb.org/ad/ontologies/2021/0/datascience-ontology#regulization,
http://www.semanticweb.org/ad/ontologies/2021/0/datascience-ontology#attention,http://www.w3.org/2000/01/rdf-schema#subClassOf,http://www.semanticweb.org/ad/ontologies/2021/0/datascience-ontology#Transformer,
http://www.semanticweb.org/ad/ontologies/2021/0/datascience-ontology#autoencoder,http://www.w3.org/2000/01/rdf-schema#subClassOf,http://www.semanticweb.org/ad/ontologies/2021/0/datascience-ontology#Neural_Networks,
http://www.semanticweb.org/ad/ontologies/2021/0/datascience-ontology#binning_sparse_values,http://www.w3.org/2000/01/rdf-schema#subClassOf,http://www.semanticweb.org/ad/ontologies/2021/0/datascience-ontology#Fundamentals,
http://www.semanticweb.org/ad/ontologies/2021/0/datascience-ontology#convolutional_neural_network,http://www.w3.org/2000/01/rdf-schema#subClassOf,http://www.semanticweb.org/ad/ontologies/2021/0/datascience-ontology#Neural_Networks,
http://www.semanticweb.org/ad/ontologies/2021/0/datascience-ontology#convolutional_neural_network,http://www.w3.org/2000/01/rdf-schema#label,CNN,convolutional neural network
http://www.semanticweb.org/ad/ontologies/2021/0/datascience-ontology#curriculum_learning,http://www.w3.org/2000/01/rdf-schema#subClassOf,http://www.semanticweb.org/ad/ontologies/2021/0/datascience-ontology#Train_model,
http://www.semanticweb.org/ad/ontologies/2021/0/datascience-ontology#data_augmentation,http://www.w3.org/2000/01/rdf-schema#subClassOf,http://www.semanticweb.org/ad/ontologies/2021/0/datascience-ontology#regulization,
http://www.semanticweb.org/ad/ontologies/2021/0/datascience-ontology#data_frames,http://www.w3.org/2000/01/rdf-schema#subClassOf,http://www.semanticweb.org/ad/ontologies/2021/0/datascience-ontology#Fundamentals,
http://www.semanticweb.org/ad/ontologies/2021/0/datascience-ontology#data_mining,http://www.w3.org/2000/01/rdf-schema#subClassOf,http://www.semanticweb.org/ad/ontologies/2021/0/datascience-ontology#Fundamentals,
http://www.semanticweb.org/ad/ontologies/2021/0/datascience-ontology#data_scrubbing,http://www.w3.org/2000/01/rdf-schema#subClassOf,http://www.semanticweb.org/ad/ontologies/2021/0/datascience-ontology#Fundamentals,
http://www.semanticweb.org/ad/ontologies/2021/0/datascience-ontology#dataset,http://www.w3.org/2000/01/rdf-schema#subClassOf,http://www.semanticweb.org/ad/ontologies/2021/0/datascience-ontology#Fundamentals,
http://www.semanticweb.org/ad/ontologies/2021/0/datascience-ontology#decoder,http://www.w3.org/2000/01/rdf-schema#subClassOf,http://www.semanticweb.org/ad/ontologies/2021/0/datascience-ontology#Transformer,
http://www.semanticweb.org/ad/ontologies/2021/0/datascience-ontology#denoising,http://www.w3.org/2000/01/rdf-schema#subClassOf,http://www.semanticweb.org/ad/ontologies/2021/0/datascience-ontology#Fundamentals,
http://www.semanticweb.org/ad/ontologies/2021/0/datascience-ontology#dimensionality_reduction,http://www.w3.org/2000/01/rdf-schema#subClassOf,http://www.semanticweb.org/ad/ontologies/2021/0/datascience-ontology#Fundamentals,
http://www.semanticweb.org/ad/ontologies/2021/0/datascience-ontology#distillation,http://www.w3.org/2000/01/rdf-schema#subClassOf,http://www.semanticweb.org/ad/ontologies/2021/0/datascience-ontology#model_optimization,
http://www.semanticweb.org/ad/ontologies/2021/0/datascience-ontology#dropout,http://www.w3.org/2000/01/rdf-schema#subClassOf,http://www.semanticweb.org/ad/ontologies/2021/0/datascience-ontology#regulization,
http://www.semanticweb.org/ad/ontologies/2021/0/datascience-ontology#early_stopping,http://www.w3.org/2000/01/rdf-schema#subClassOf,http://www.semanticweb.org/ad/ontologies/2021/0/datascience-ontology#regulization,
http://www.semanticweb.org/ad/ontologies/2021/0/datascience-ontology#encoder,http://www.w3.org/2000/01/rdf-schema#subClassOf,http://www.semanticweb.org/ad/ontologies/2021/0/datascience-ontology#Transformer,
http://www.semanticweb.org/ad/ontologies/2021/0/datascience-ontology#feature_extraction,http://www.w3.org/2000/01/rdf-schema#subClassOf,http://www.semanticweb.org/ad/ontologies/2021/0/datascience-ontology#Fundamentals,
http://www.semanticweb.org/ad/ontologies/2021/0/datascience-ontology#feedfoward_neural_network,http://www.w3.org/2000/01/rdf-schema#subClassOf,http://www.semanticweb.org/ad/ontologies/2021/0/datascience-ontology#Neural_Networks,
http://www.semanticweb.org/ad/ontologies/2021/0/datascience-ontology#generative_adversarial_network,http://www.w3.org/2000/01/rdf-schema#subClassOf,http://www.semanticweb.org/ad/ontologies/2021/0/datascience-ontology#Neural_Networks,
http://www.semanticweb.org/ad/ontologies/2021/0/datascience-ontology#gensim,http://www.w3.org/2000/01/rdf-schema#subClassOf,http://www.semanticweb.org/ad/ontologies/2021/0/datascience-ontology#Library,
http://www.semanticweb.org/ad/ontologies/2021/0/datascience-ontology#google_colab,http://www.w3.org/2000/01/rdf-schema#subClassOf,http://www.semanticweb.org/ad/ontologies/2021/0/datascience-ontology#jupyter,
http://www.semanticweb.org/ad/ontologies/2021/0/datascience-ontology#handling_missing_value,http://www.w3.org/2000/01/rdf-schema#subClassOf,http://www.semanticweb.org/ad/ontologies/2021/0/datascience-ontology#Fundamentals,
http://www.semanticweb.org/ad/ontologies/2021/0/datascience-ontology#jupyter,http://www.w3.org/2000/01/rdf-schema#subClassOf,http://www.semanticweb.org/ad/ontologies/2021/0/datascience-ontology#Fundamentals,
http://www.semanticweb.org/ad/ontologies/2021/0/datascience-ontology#jupyter_lab,http://www.w3.org/2000/01/rdf-schema#subClassOf,http://www.semanticweb.org/ad/ontologies/2021/0/datascience-ontology#jupyter,
http://www.semanticweb.org/ad/ontologies/2021/0/datascience-ontology#jupyter_notebook,http://www.w3.org/2000/01/rdf-schema#subClassOf,http://www.semanticweb.org/ad/ontologies/2021/0/datascience-ontology#jupyter,
http://www.semanticweb.org/ad/ontologies/2021/0/datascience-ontology#linear_algebra,http://www.w3.org/2000/01/rdf-schema#subClassOf,http://www.semanticweb.org/ad/ontologies/2021/0/datascience-ontology#Fundamentals,
http://www.semanticweb.org/ad/ontologies/2021/0/datascience-ontology#loss_function,http://www.w3.org/2000/01/rdf-schema#subClassOf,http://www.semanticweb.org/ad/ontologies/2021/0/datascience-ontology#Neural_Networks,
http://www.semanticweb.org/ad/ontologies/2021/0/datascience-ontology#matrices,http://www.w3.org/2000/01/rdf-schema#subClassOf,http://www.semanticweb.org/ad/ontologies/2021/0/datascience-ontology#Fundamentals,
http://www.semanticweb.org/ad/ontologies/2021/0/datascience-ontology#model_optimization,http://www.w3.org/2000/01/rdf-schema#subClassOf,http://www.semanticweb.org/ad/ontologies/2021/0/datascience-ontology#Neural_Networks,
http://www.semanticweb.org/ad/ontologies/2021/0/datascience-ontology#multitask_learning,http://www.w3.org/2000/01/rdf-schema#subClassOf,http://www.semanticweb.org/ad/ontologies/2021/0/datascience-ontology#Train_model,
http://www.semanticweb.org/ad/ontologies/2021/0/datascience-ontology#normalization,http://www.w3.org/2000/01/rdf-schema#subClassOf,http://www.semanticweb.org/ad/ontologies/2021/0/datascience-ontology#Fundamentals,
http://www.semanticweb.org/ad/ontologies/2021/0/datascience-ontology#numerosity_reduction,http://www.w3.org/2000/01/rdf-schema#subClassOf,http://www.semanticweb.org/ad/ontologies/2021/0/datascience-ontology#Fundamentals,
http://www.semanticweb.org/ad/ontologies/2021/0/datascience-ontology#parameter_penalties,http://www.w3.org/2000/01/rdf-schema#subClassOf,http://www.semanticweb.org/ad/ontologies/2021/0/datascience-ontology#regulization,
http://www.semanticweb.org/ad/ontologies/2021/0/datascience-ontology#quantization,http://www.w3.org/2000/01/rdf-schema#subClassOf,http://www.semanticweb.org/ad/ontologies/2021/0/datascience-ontology#model_optimization,
http://www.semanticweb.org/ad/ontologies/2021/0/datascience-ontology#recurrent_neural_network,http://www.w3.org/2000/01/rdf-schema#subClassOf,http://www.semanticweb.org/ad/ontologies/2021/0/datascience-ontology#Neural_Networks,
http://www.semanticweb.org/ad/ontologies/2021/0/datascience-ontology#recurrent_neural_network,http://www.w3.org/2000/01/rdf-schema#label,RNN,recurrent neural network
http://www.semanticweb.org/ad/ontologies/2021/0/datascience-ontology#regulization,http://www.w3.org/2000/01/rdf-schema#subClassOf,http://www.semanticweb.org/ad/ontologies/2021/0/datascience-ontology#Train_model,
http://www.semanticweb.org/ad/ontologies/2021/0/datascience-ontology#reporting,http://www.w3.org/2000/01/rdf-schema#subClassOf,http://www.semanticweb.org/ad/ontologies/2021/0/datascience-ontology#Fundamentals,
http://www.semanticweb.org/ad/ontologies/2021/0/datascience-ontology#scikit-learn,http://www.w3.org/2000/01/rdf-schema#subClassOf,http://www.semanticweb.org/ad/ontologies/2021/0/datascience-ontology#Library,
http://www.semanticweb.org/ad/ontologies/2021/0/datascience-ontology#series,http://www.w3.org/2000/01/rdf-schema#subClassOf,http://www.semanticweb.org/ad/ontologies/2021/0/datascience-ontology#Fundamentals,
http://www.semanticweb.org/ad/ontologies/2021/0/datascience-ontology#siamese_network,http://www.w3.org/2000/01/rdf-schema#subClassOf,http://www.semanticweb.org/ad/ontologies/2021/0/datascience-ontology#Neural_Networks,
http://www.semanticweb.org/ad/ontologies/2021/0/datascience-ontology#tabular_data,http://www.w3.org/2000/01/rdf-schema#subClassOf,http://www.semanticweb.org/ad/ontologies/2021/0/datascience-ontology#Fundamentals,
http://www.semanticweb.org/ad/ontologies/2021/0/datascience-ontology#transfer_learning,http://www.w3.org/2000/01/rdf-schema#subClassOf,http://www.semanticweb.org/ad/ontologies/2021/0/datascience-ontology#Train_model,
http://www.semanticweb.org/ad/ontologies/2021/0/datascience-ontology#unbiased_estimator,http://www.w3.org/2000/01/rdf-schema#subClassOf,http://www.semanticweb.org/ad/ontologies/2021/0/datascience-ontology#Fundamentals,
http://www.semanticweb.org/ad/ontologies/2021/0/datascience-ontology#vanishing_gradient_problem,http://www.w3.org/2000/01/rdf-schema#subClassOf,http://www.semanticweb.org/ad/ontologies/2021/0/datascience-ontology#Neural_Networks,
http://www.semanticweb.org/ad/ontologies/2021/0/datascience-ontology#virtual_environment,http://www.w3.org/2000/01/rdf-schema#subClassOf,http://www.semanticweb.org/ad/ontologies/2021/0/datascience-ontology#Fundamentals,
http://www.semanticweb.org/ad/ontologies/2021/0/datascience-ontology#web_scraping,http://www.w3.org/2000/01/rdf-schema#subClassOf,http://www.semanticweb.org/ad/ontologies/2021/0/datascience-ontology#Fundamentals,
http://www.semanticweb.org/ad/ontologies/2021/0/datascience-ontology#weight,http://www.w3.org/2000/01/rdf-schema#subClassOf,http://www.semanticweb.org/ad/ontologies/2021/0/datascience-ontology#Neural_Networks,
http://www.semanticweb.org/ad/ontologies/2021/0/datascience-ontology#word2vec,http://www.w3.org/2000/01/rdf-schema#subClassOf,http://www.semanticweb.org/ad/ontologies/2021/0/datascience-ontology#Library,
